sample,weakBinder,canType
TCGA-XF-A9SU-01,2402,BLCA
TCGA-DK-AA6R-01,2566,BLCA
TCGA-E7-A677-01,13289,BLCA
TCGA-FD-A6TG-01,2326,BLCA
TCGA-CF-A47Y-01,14981,BLCA
TCGA-G2-AA3D-01,11324,BLCA
TCGA-BT-A20J-01,2283,BLCA
TCGA-DK-A6AV-01,8385,BLCA
TCGA-XF-A8HE-01,9848,BLCA
TCGA-FD-A5BU-01,1190,BLCA
TCGA-UY-A8OD-01,8426,BLCA
TCGA-GC-A3YS-01,8050,BLCA
TCGA-S5-A6DX-01,2894,BLCA
TCGA-CF-A8HY-01,1785,BLCA
TCGA-FD-A43P-01,6454,BLCA
TCGA-LT-A5Z6-01,34241,BLCA
TCGA-DK-A3WX-01,10802,BLCA
TCGA-FD-A3SQ-01,5985,BLCA
TCGA-DK-A1AC-01,5628,BLCA
TCGA-E7-A8O7-01,9424,BLCA
TCGA-GC-A6I1-01,1786,BLCA
TCGA-CU-A5W6-01,3369,BLCA
TCGA-DK-A3WY-01,5458,BLCA
TCGA-ZF-AA5N-01,3087,BLCA
TCGA-UY-A9PH-01,6820,BLCA
TCGA-GD-A76B-01,3614,BLCA
TCGA-BT-A20T-01,1834,BLCA
TCGA-DK-AA6M-01,2659,BLCA
TCGA-FD-A3B3-01,3093,BLCA
TCGA-FD-A43U-01,10703,BLCA
TCGA-ZF-AA4X-01,17414,BLCA
TCGA-GU-AATQ-01,6244,BLCA
TCGA-SY-A9G5-01,5094,BLCA
TCGA-ZF-AA5H-01,4801,BLCA
TCGA-FD-A5BS-01,1627,BLCA
TCGA-XF-AAMR-01,4193,BLCA
TCGA-FD-A3B6-01,2760,BLCA
TCGA-CF-A9FF-01,18587,BLCA
TCGA-ZF-AA51-01,9088,BLCA
TCGA-FD-A3B5-01,1749,BLCA
TCGA-FT-A3EE-01,2204,BLCA
TCGA-4Z-AA7W-01,1777,BLCA
TCGA-BT-A3PK-01,1948,BLCA
TCGA-FD-A5C1-01,1532,BLCA
TCGA-4Z-AA84-01,4906,BLCA
TCGA-XF-A9SY-01,3614,BLCA
TCGA-XF-A9SK-01,11013,BLCA
TCGA-XF-A9SH-01,9199,BLCA
TCGA-CF-A9FH-01,20777,BLCA
TCGA-E7-A85H-01,7939,BLCA
TCGA-E7-A4IJ-01,4291,BLCA
TCGA-GV-A40E-01,7143,BLCA
TCGA-UY-A78O-01,9797,BLCA
TCGA-ZF-AA4V-01,3046,BLCA
TCGA-DK-AA6X-01,11939,BLCA
TCGA-ZF-A9RE-01,7638,BLCA
TCGA-KQ-A41N-01,13520,BLCA
TCGA-XF-A9T3-01,2139,BLCA
TCGA-PQ-A6FN-01,2251,BLCA
TCGA-FD-A5BT-01,859,BLCA
TCGA-GC-A3RC-01,1122,BLCA
TCGA-FD-A6TC-01,3849,BLCA
TCGA-BT-A2LA-01,2891,BLCA
TCGA-BT-A42F-01,2989,BLCA
TCGA-FT-A61P-01,2086,BLCA
TCGA-XF-A9ST-01,3910,BLCA
TCGA-BT-A20U-01,518,BLCA
TCGA-H4-A2HQ-01,23974,BLCA
TCGA-DK-A2I2-01,1330,BLCA
TCGA-FD-A3B7-01,961,BLCA
TCGA-BT-A0S7-01,740,BLCA
TCGA-XF-A9SX-01,1343,BLCA
TCGA-FD-A62S-01,2170,BLCA
TCGA-CF-A7I0-01,20165,BLCA
TCGA-BT-A0YX-01,1965,BLCA
TCGA-DK-A1A6-01,2670,BLCA
TCGA-GU-A767-01,5529,BLCA
TCGA-CU-A0YO-01,446,BLCA
TCGA-XF-A9SM-01,2613,BLCA
TCGA-GV-A3JX-01,4879,BLCA
TCGA-G2-A2EL-01,7870,BLCA
TCGA-YC-A89H-01,3776,BLCA
TCGA-4Z-AA82-01,2388,BLCA
TCGA-CF-A3MH-01,12911,BLCA
TCGA-UY-A9PE-01,11277,BLCA
TCGA-XF-A9T4-01,1503,BLCA
TCGA-DK-A1AF-01,1127,BLCA
TCGA-4Z-AA87-01,8885,BLCA
TCGA-GC-A3WC-01,11393,BLCA
TCGA-BT-A20W-01,10151,BLCA
TCGA-CU-A0YN-01,5676,BLCA
TCGA-4Z-AA7N-01,11375,BLCA
TCGA-GU-A763-01,6204,BLCA
TCGA-XF-AAN1-01,19934,BLCA
TCGA-UY-A78P-01,1504,BLCA
TCGA-CF-A9FM-01,7215,BLCA
TCGA-G2-AA3B-01,5208,BLCA
TCGA-GU-A42R-01,12800,BLCA
TCGA-FD-A62O-01,11668,BLCA
TCGA-CU-A3KJ-01,4446,BLCA
TCGA-G2-A2EF-01,11444,BLCA
TCGA-2F-A9KT-01,24660,BLCA
TCGA-UY-A9PD-01,4473,BLCA
TCGA-FD-A3SN-01,2152,BLCA
TCGA-UY-A78M-01,4903,BLCA
TCGA-FD-A62P-01,2392,BLCA
TCGA-G2-AA3F-01,21540,BLCA
TCGA-E7-A5KE-01,26975,BLCA
TCGA-CF-A3MF-01,17062,BLCA
TCGA-DK-A3IK-01,13279,BLCA
TCGA-KQ-A41P-01,11700,BLCA
TCGA-DK-A2I4-01,1621,BLCA
TCGA-MV-A51V-01,7670,BLCA
TCGA-4Z-AA7M-01,42390,BLCA
TCGA-ZF-A9RD-01,532,BLCA
TCGA-GD-A6C6-01,1717,BLCA
TCGA-DK-A2HX-01,1298,BLCA
TCGA-XF-A9SW-01,717,BLCA
TCGA-DK-AA6Q-01,2853,BLCA
TCGA-ZF-A9R4-01,7610,BLCA
TCGA-XF-AAMH-01,2754,BLCA
TCGA-DK-AA6W-01,13542,BLCA
TCGA-E7-A678-01,4395,BLCA
TCGA-K4-A5RJ-01,5662,BLCA
TCGA-GV-A3JW-01,18852,BLCA
TCGA-DK-A3IN-01,2077,BLCA
TCGA-DK-AA76-01,9694,BLCA
TCGA-CF-A5U8-01,10292,BLCA
TCGA-UY-A8OC-01,2364,BLCA
TCGA-BT-A3PJ-01,3383,BLCA
TCGA-FD-A6TE-01,6569,BLCA
TCGA-LC-A66R-01,3414,BLCA
TCGA-XF-A9T2-01,5239,BLCA
TCGA-ZF-AA56-01,1474,BLCA
TCGA-GV-A6ZA-01,24945,BLCA
TCGA-DK-A1AA-01,3012,BLCA
TCGA-GC-A3I6-01,2533,BLCA
TCGA-GC-A3RD-01,5929,BLCA
TCGA-HQ-A5NE-01,4541,BLCA
TCGA-G2-A2EC-01,3529,BLCA
TCGA-GD-A3OQ-01,936,BLCA
TCGA-GV-A3JV-01,18892,BLCA
TCGA-DK-A1A5-01,1758,BLCA
TCGA-CF-A47S-01,5963,BLCA
TCGA-FD-A43Y-01,8089,BLCA
TCGA-ZF-AA58-01,4386,BLCA
TCGA-GC-A3RB-01,2574,BLCA
TCGA-ZF-A9RF-01,10111,BLCA
TCGA-FD-A3N6-01,5495,BLCA
TCGA-XF-AAN4-01,2582,BLCA
TCGA-FD-A6TA-01,4471,BLCA
TCGA-XF-AAN8-01,2477,BLCA
TCGA-CF-A3MI-01,6680,BLCA
TCGA-DK-A1AD-01,2800,BLCA
TCGA-CF-A3MG-01,2806,BLCA
TCGA-FD-A5C0-01,3916,BLCA
TCGA-ZF-AA4T-01,11487,BLCA
TCGA-E7-A3Y1-01,23674,BLCA
TCGA-E7-A6MF-01,10823,BLCA
TCGA-C4-A0F1-01,695,BLCA
TCGA-GU-AATP-01,18825,BLCA
TCGA-BT-A2LD-01,2211,BLCA
TCGA-DK-A2I1-01,1543,BLCA
TCGA-K4-A3WU-01,11882,BLCA
TCGA-UY-A9PF-01,8270,BLCA
TCGA-YF-AA3M-01,2126,BLCA
TCGA-4Z-AA7S-01,17496,BLCA
TCGA-DK-A3IV-01,16187,BLCA
TCGA-CF-A9FL-01,6163,BLCA
TCGA-CF-A1HS-01,1104,BLCA
TCGA-KQ-A41O-01,36150,BLCA
TCGA-GU-A42Q-01,7991,BLCA
TCGA-XF-A8HG-01,18438,BLCA
TCGA-2F-A9KO-01,12262,BLCA
TCGA-CU-A3YL-01,31385,BLCA
TCGA-CU-A72E-01,2918,BLCA
TCGA-CF-A5UA-01,2443,BLCA
TCGA-FD-A3SS-01,5991,BLCA
TCGA-XF-AAMT-01,4856,BLCA
TCGA-FD-A5BV-01,8946,BLCA
TCGA-GV-A40G-01,26810,BLCA
TCGA-XF-A9SZ-01,3061,BLCA
TCGA-E7-A7PW-01,10252,BLCA
TCGA-ZF-A9RC-01,21292,BLCA
TCGA-XF-AAMW-01,4005,BLCA
TCGA-4Z-AA86-01,3144,BLCA
TCGA-XF-A8HB-01,2960,BLCA
TCGA-XF-A8HF-01,4789,BLCA
TCGA-PQ-A6FI-01,2901,BLCA
TCGA-5N-A9KI-01,2654,BLCA
TCGA-ZF-AA4N-01,11385,BLCA
TCGA-XF-AAME-01,2848,BLCA
TCGA-FJ-A3Z7-01,18072,BLCA
TCGA-FD-A5BR-01,12420,BLCA
TCGA-FJ-A3Z9-01,18452,BLCA
TCGA-FD-A6TK-01,5169,BLCA
TCGA-ZF-AA4U-01,11887,BLCA
TCGA-2F-A9KW-01,5982,BLCA
TCGA-YC-A9TC-01,9596,BLCA
TCGA-4Z-AA89-01,18153,BLCA
TCGA-GD-A3OS-01,7095,BLCA
TCGA-BT-A20V-01,1891,BLCA
TCGA-K4-A3WV-01,19455,BLCA
TCGA-FD-A3B4-01,4656,BLCA
TCGA-GU-A42P-01,28662,BLCA
TCGA-DK-AA75-01,8090,BLCA
TCGA-DK-AA6U-01,8004,BLCA
TCGA-GU-A764-01,4162,BLCA
TCGA-FD-A6TB-01,5028,BLCA
TCGA-4Z-AA7Q-01,9971,BLCA
TCGA-G2-A3VY-01,10388,BLCA
TCGA-K4-A6MB-01,8819,BLCA
TCGA-LT-A8JT-01,15939,BLCA
TCGA-ZF-AA5P-01,1917,BLCA
TCGA-E7-A541-01,11733,BLCA
TCGA-GV-A3QH-01,10913,BLCA
TCGA-FD-A6TD-01,4674,BLCA
TCGA-GU-AATO-01,3650,BLCA
TCGA-FD-A43X-01,12131,BLCA
TCGA-BT-A42C-01,16402,BLCA
TCGA-XF-AAN3-01,4554,BLCA
TCGA-KQ-A41S-01,5570,BLCA
TCGA-DK-A3WW-01,2639,BLCA
TCGA-4Z-AA83-01,31342,BLCA
TCGA-GV-A3QF-01,18037,BLCA
TCGA-K4-A54R-01,8500,BLCA
TCGA-FD-A5BZ-01,3862,BLCA
TCGA-GV-A3QI-01,4032,BLCA
TCGA-4Z-AA7R-01,15622,BLCA
TCGA-XF-A9SI-01,5636,BLCA
TCGA-ZF-A9RN-01,3580,BLCA
TCGA-DK-A3IT-01,5576,BLCA
TCGA-UY-A78L-01,2313,BLCA
TCGA-G2-A3IB-01,3037,BLCA
TCGA-BT-A20N-01,2239,BLCA
TCGA-E7-A6ME-01,4366,BLCA
TCGA-ZF-A9RL-01,18892,BLCA
TCGA-4Z-AA7Y-01,7813,BLCA
TCGA-XF-AAN5-01,3174,BLCA
TCGA-XF-AAMG-01,9077,BLCA
TCGA-K4-A6FZ-01,3417,BLCA
TCGA-BT-A42E-01,14226,BLCA
TCGA-FJ-A3ZE-01,32313,BLCA
TCGA-DK-A6B6-01,6023,BLCA
TCGA-GU-A762-01,756,BLCA
TCGA-4Z-AA7O-01,6810,BLCA
TCGA-G2-A2ES-01,1113,BLCA
TCGA-UY-A8OB-01,1377,BLCA
TCGA-E7-A519-01,1835,BLCA
TCGA-DK-A3IL-01,11678,BLCA
TCGA-ZF-AA52-01,5883,BLCA
TCGA-DK-A6B2-01,1882,BLCA
TCGA-E7-A97P-01,1186,BLCA
TCGA-XF-A9SP-01,2920,BLCA
TCGA-ZF-A9R2-01,2934,BLCA
TCGA-FD-A3SR-01,6270,BLCA
TCGA-4Z-AA81-01,2092,BLCA
TCGA-BT-A20Q-01,2344,BLCA
TCGA-ZF-AA4R-01,8144,BLCA
TCGA-FD-A43N-01,17305,BLCA
TCGA-XF-A9T6-01,1783,BLCA
TCGA-CF-A47W-01,3604,BLCA
TCGA-GU-A766-01,2403,BLCA
TCGA-DK-AA6L-01,15999,BLCA
TCGA-XF-AAMZ-01,5550,BLCA
TCGA-FD-A62N-01,1112,BLCA
TCGA-FD-A3SL-01,731,BLCA
TCGA-CF-A27C-01,27814,BLCA
TCGA-DK-A3X1-01,4028,BLCA
TCGA-BT-A20R-01,2578,BLCA
TCGA-GV-A3QG-01,3920,BLCA
TCGA-CU-A0YR-01,1479,BLCA
TCGA-BT-A20O-01,2896,BLCA
TCGA-DK-A1A3-01,612,BLCA
TCGA-K4-A4AB-01,2636,BLCA
TCGA-5N-A9KM-01,4870,BLCA
TCGA-UY-A78K-01,9895,BLCA
TCGA-ZF-A9R9-01,19709,BLCA
TCGA-K4-A5RI-01,1739,BLCA
TCGA-ZF-A9R0-01,26444,BLCA
TCGA-DK-A6AW-01,9183,BLCA
TCGA-XF-A9SV-01,7918,BLCA
TCGA-UY-A9PB-01,3631,BLCA
TCGA-XF-A8HH-01,19722,BLCA
TCGA-FD-A3SM-01,3375,BLCA
TCGA-BL-A5ZZ-01,1221,BLCA
TCGA-C4-A0F6-01,2013,BLCA
TCGA-K4-A83P-01,5116,BLCA
TCGA-XF-AAN2-01,7595,BLCA
TCGA-GC-A3OO-01,2014,BLCA
TCGA-DK-A2I6-01,1954,BLCA
TCGA-FD-A3B8-01,777,BLCA
TCGA-E7-A5KF-01,10838,BLCA
TCGA-HQ-A5ND-01,3215,BLCA
TCGA-ZF-A9R3-01,15169,BLCA
TCGA-GC-A6I3-01,5871,BLCA
TCGA-DK-A3IQ-01,2296,BLCA
TCGA-BT-A2LB-01,3181,BLCA
TCGA-DK-A6B0-01,2101,BLCA
TCGA-DK-AA74-01,817,BLCA
TCGA-XF-AAMQ-01,4911,BLCA
TCGA-E7-A8O8-01,6871,BLCA
TCGA-DK-A6B1-01,9387,BLCA
TCGA-K4-A5RH-01,1231,BLCA
TCGA-E7-A7XN-01,2127,BLCA
TCGA-2F-A9KR-01,28450,BLCA
TCGA-DK-AA6T-01,6869,BLCA
TCGA-2F-A9KQ-01,11836,BLCA
TCGA-BT-A20X-01,1557,BLCA
TCGA-BT-A3PH-01,1743,BLCA
TCGA-E7-A3X6-01,4270,BLCA
TCGA-YF-AA3L-01,4587,BLCA
TCGA-DK-A1AG-01,11255,BLCA
TCGA-BL-A3JM-01,6434,BLCA
TCGA-FD-A3SP-01,1622,BLCA
TCGA-FD-A5BY-01,1658,BLCA
TCGA-DK-A1A7-01,3310,BLCA
TCGA-XF-A9T8-01,3780,BLCA
TCGA-DK-AA77-01,4821,BLCA
TCGA-XF-A8HI-01,23596,BLCA
TCGA-G2-AA3C-01,3803,BLCA
TCGA-G2-A2EO-01,1588,BLCA
TCGA-C4-A0F0-01,287,BLCA
TCGA-DK-A6B5-01,6129,BLCA
TCGA-C4-A0EZ-01,10988,BLCA
TCGA-GC-A3BM-01,6121,BLCA
TCGA-K4-A4AC-01,2737,BLCA
TCGA-E7-A97Q-01,35788,BLCA
TCGA-G2-A2EJ-01,1923,BLCA
TCGA-SY-A9G0-01,11083,BLCA
TCGA-ZF-A9R7-01,30554,BLCA
TCGA-XF-AAN7-01,3261,BLCA
TCGA-ZF-A9R5-01,30469,BLCA
TCGA-DK-A3IM-01,1892,BLCA
TCGA-XF-A9T5-01,5550,BLCA
TCGA-ZF-AA53-01,1551,BLCA
TCGA-XF-AAMY-01,8890,BLCA
TCGA-HQ-A2OF-01,1649,BLCA
TCGA-KQ-A41R-01,11041,BLCA
TCGA-K4-AAQO-01,3243,BLCA
TCGA-FD-A43S-01,3013,BLCA
TCGA-YC-A8S6-01,9009,BLCA
TCGA-E7-A4XJ-01,18521,BLCA
TCGA-FD-A3NA-01,1912,BLCA
TCGA-E7-A6MD-01,8743,BLCA
TCGA-K4-A3WS-01,17311,BLCA
TCGA-DK-AA6P-01,12205,BLCA
TCGA-DK-A3IU-01,1364,BLCA
TCGA-GD-A2C5-01,8955,BLCA
TCGA-DK-A1AE-01,2758,BLCA
TCGA-ZF-A9R1-01,7012,BLCA
TCGA-C4-A0F7-01,1951,BLCA
TCGA-CF-A1HR-01,3047,BLCA
TCGA-KQ-A41Q-01,12869,BLCA
TCGA-E5-A4TZ-01,9799,BLCA
TCGA-4Z-AA80-01,5508,BLCA
TCGA-ZF-AA54-01,1993,BLCA
TCGA-FJ-A871-01,8189,BLCA
TCGA-FD-A6TI-01,2326,BLCA
TCGA-FD-A3SJ-01,3807,BLCA
TCGA-CF-A47X-01,15975,BLCA
TCGA-UY-A9PA-01,8779,BLCA
TCGA-G2-A2EK-01,9030,BLCA
TCGA-E5-A2PC-01,2579,BLCA
TCGA-XF-AAMJ-01,4080,BLCA
TCGA-R3-A69X-01,1642,BLCA
TCGA-CU-A3QU-01,8637,BLCA
TCGA-FD-A3SO-01,1912,BLCA
TCGA-FD-A5BX-01,688,BLCA
TCGA-GV-A3QK-01,14330,BLCA
TCGA-ZF-A9RM-01,17655,BLCA
TCGA-XF-A8HC-01,21931,BLCA
TCGA-XF-A9SJ-01,3088,BLCA
TCGA-XF-A9SL-01,2359,BLCA
TCGA-GD-A3OP-01,4559,BLCA
TCGA-2F-A9KP-01,12006,BLCA
TCGA-DK-A3X2-01,4395,BLCA
TCGA-ZF-AA4W-01,3478,BLCA
TCGA-E7-A7DV-01,1420,BLCA
TCGA-E7-A7DU-01,12288,BLCA
TCGA-HQ-A2OE-01,7046,BLCA
TCGA-XF-AAN0-01,9992,BLCA
TCGA-CF-A8HX-01,29996,BLCA
TCGA-DK-AA71-01,2425,BLCA
TCGA-G2-A3IE-01,9222,BLCA
TCGA-H4-A2HO-01,6393,BLCA
TCGA-BT-A20P-01,11800,BLCA
TCGA-E5-A4U1-01,23109,BLCA
TCGA-DK-A1AB-01,941,BLCA
TCGA-UY-A78N-01,7853,BLCA
TCGA-DK-A3IS-01,4001,BLCA
TCGA-S5-AA26-01,44393,BLCA
TCGA-XF-A9T0-01,13510,BLCA
TCGA-FD-A6TF-01,4672,BLCA
TCGA-GC-A4ZW-01,4163,BLCA
TCGA-FD-A3N5-01,3612,BLCA
TCGA-FD-A6TH-01,1794,BLCA
TCGA-GV-A3JZ-01,4976,BLCA
TCGA-XF-A8HD-01,5528,BLCA
TCGA-XF-AAMX-01,12766,BLCA
TCGA-DK-AA6S-01,4824,BLCA
TCGA-XF-AAML-01,5791,BLCA
TCGA-CF-A47T-01,8376,BLCA
TCGA-CF-A47V-01,28935,BLCA
TCGA-FJ-A3ZF-01,22314,BLCA
TCGA-BL-A0C8-01,28713,BLCA
TCGA-BL-A13I-01,31264,BLCA
TCGA-BL-A13J-01,43878,BLCA
TCGA-E2-A15K-01,3745,BRCA
TCGA-C8-A132-01,2276,BRCA
TCGA-E2-A1IJ-01,1909,BRCA
TCGA-A8-A08Z-01,2219,BRCA
TCGA-E9-A244-01,1321,BRCA
TCGA-A8-A06Y-01,2148,BRCA
TCGA-AN-A0XP-01,2503,BRCA
TCGA-D8-A1XQ-01,1148,BRCA
TCGA-A8-A07B-01,3963,BRCA
TCGA-AN-A0XL-01,3659,BRCA
TCGA-BH-A0DV-01,346,BRCA
TCGA-BH-A0W3-01,5109,BRCA
TCGA-OL-A66L-01,5567,BRCA
TCGA-A1-A0SG-01,1403,BRCA
TCGA-A8-A06Q-01,2967,BRCA
TCGA-C8-A12L-01,4373,BRCA
TCGA-D8-A27F-01,3204,BRCA
TCGA-E9-A248-01,864,BRCA
TCGA-E9-A5UP-01,11111,BRCA
TCGA-LL-A9Q3-01,3714,BRCA
TCGA-BH-A1FL-01,12634,BRCA
TCGA-GM-A2DN-01,1906,BRCA
TCGA-AC-A2BK-01,3691,BRCA
TCGA-AC-A4ZE-01,39165,BRCA
TCGA-A8-A07O-01,2860,BRCA
TCGA-AO-A0JD-01,865,BRCA
TCGA-EW-A1OY-01,1244,BRCA
TCGA-A7-A0CH-01,1627,BRCA
TCGA-A8-A08L-01,2730,BRCA
TCGA-A2-A04X-01,2979,BRCA
TCGA-AR-A0TX-01,2698,BRCA
TCGA-D8-A27T-01,1508,BRCA
TCGA-D8-A1JJ-01,2939,BRCA
TCGA-C8-A1HG-01,2120,BRCA
TCGA-S3-A6ZG-01,12319,BRCA
TCGA-A2-A0T4-01,737,BRCA
TCGA-B6-A0I6-01,3107,BRCA
TCGA-A8-A099-01,1781,BRCA
TCGA-E9-A1RC-01,1525,BRCA
TCGA-AC-A8OP-01,27488,BRCA
TCGA-BH-A0B1-01,854,BRCA
TCGA-B6-A0RG-01,1934,BRCA
TCGA-D8-A1JH-01,1849,BRCA
TCGA-A2-A0CR-01,2226,BRCA
TCGA-BH-A0DS-01,1207,BRCA
TCGA-A2-A0D1-01,5202,BRCA
TCGA-BH-A0HW-01,5018,BRCA
TCGA-A7-A425-01,23294,BRCA
TCGA-E2-A9RU-01,2231,BRCA
TCGA-EW-A1PG-01,175,BRCA
TCGA-A2-A1G1-01,1480,BRCA
TCGA-D8-A27H-01,1400,BRCA
TCGA-AN-A0AR-01,3946,BRCA
TCGA-AR-A251-01,2343,BRCA
TCGA-D8-A1XU-01,1082,BRCA
TCGA-E2-A576-01,7594,BRCA
TCGA-E9-A1NI-01,3623,BRCA
TCGA-BH-A1F5-01,3212,BRCA
TCGA-E2-A10A-01,2551,BRCA
TCGA-OL-A6VQ-01,2081,BRCA
TCGA-E9-A1R4-01,10017,BRCA
TCGA-D8-A140-01,6159,BRCA
TCGA-LD-A74U-01,8873,BRCA
TCGA-S3-AA11-01,30592,BRCA
TCGA-D8-A1XS-01,3301,BRCA
TCGA-AO-A03T-01,2791,BRCA
TCGA-B6-A0RL-01,8660,BRCA
TCGA-E2-A10E-01,4116,BRCA
TCGA-E9-A1NH-01,2319,BRCA
TCGA-C8-A12K-01,2407,BRCA
TCGA-BH-A0BR-01,980,BRCA
TCGA-AQ-A7U7-01,22497,BRCA
TCGA-AO-A0JC-01,20512,BRCA
TCGA-BH-A0DL-01,3506,BRCA
TCGA-OL-A5RU-01,14003,BRCA
TCGA-LL-A50Y-01,4603,BRCA
TCGA-LL-A5YM-01,1885,BRCA
TCGA-C8-A8HP-01,11715,BRCA
TCGA-AC-A62Y-01,4444,BRCA
TCGA-A8-A08B-01,5570,BRCA
TCGA-AC-A3TN-01,7294,BRCA
TCGA-A8-A07W-01,1978,BRCA
TCGA-A8-A07S-01,1830,BRCA
TCGA-AO-A129-01,5349,BRCA
TCGA-A1-A0SD-01,1038,BRCA
TCGA-AC-A8OR-01,6047,BRCA
TCGA-AR-A5QQ-01,757,BRCA
TCGA-EW-A1P0-01,1765,BRCA
TCGA-A8-A0A9-01,6418,BRCA
TCGA-A2-A3XZ-01,8385,BRCA
TCGA-AR-A0TU-01,1491,BRCA
TCGA-E9-A295-01,1183,BRCA
TCGA-BH-A1FJ-01,1817,BRCA
TCGA-A2-A0SX-01,3807,BRCA
TCGA-AR-A24U-01,884,BRCA
TCGA-AN-A0FL-01,738,BRCA
TCGA-AN-A0FS-01,1509,BRCA
TCGA-AR-A24V-01,1651,BRCA
TCGA-GM-A3XL-01,4575,BRCA
TCGA-B6-A401-01,41256,BRCA
TCGA-OL-A5RY-01,1533,BRCA
TCGA-BH-A8FZ-01,6938,BRCA
TCGA-A2-A0CZ-01,495,BRCA
TCGA-AC-A2FE-01,1843,BRCA
TCGA-E9-A1RI-01,3097,BRCA
TCGA-A8-A075-01,1957,BRCA
TCGA-LL-A6FR-01,1531,BRCA
TCGA-AR-A0TZ-01,5689,BRCA
TCGA-E2-A3DX-01,2940,BRCA
TCGA-B6-A0I5-01,2381,BRCA
TCGA-C8-A1HO-01,2027,BRCA
TCGA-D8-A1XL-01,3626,BRCA
TCGA-AN-A0XR-01,5318,BRCA
TCGA-B6-A0RM-01,2463,BRCA
TCGA-S3-AA15-01,5403,BRCA
TCGA-B6-A0RQ-01,1626,BRCA
TCGA-A7-A426-01,28658,BRCA
TCGA-D8-A1JI-01,2167,BRCA
TCGA-E2-A14O-01,1375,BRCA
TCGA-A2-A1FZ-01,1582,BRCA
TCGA-A1-A0SF-01,1205,BRCA
TCGA-AC-A23H-01,804,BRCA
TCGA-A8-A097-01,1818,BRCA
TCGA-D8-A27P-01,2343,BRCA
TCGA-BH-A204-01,1259,BRCA
TCGA-PL-A8LX-01,2198,BRCA
TCGA-OL-A6VR-01,5782,BRCA
TCGA-A8-A07C-01,1803,BRCA
TCGA-3C-AALK-01,6720,BRCA
TCGA-EW-A424-01,18485,BRCA
TCGA-A8-A09E-01,3449,BRCA
TCGA-E2-A15C-01,4044,BRCA
TCGA-B6-A0I9-01,2405,BRCA
TCGA-E9-A1N5-01,6613,BRCA
TCGA-A2-A0CW-01,5290,BRCA
TCGA-D8-A27M-01,2919,BRCA
TCGA-AO-A1KQ-01,3807,BRCA
TCGA-E2-A14U-01,8407,BRCA
TCGA-AC-A3YI-01,10453,BRCA
TCGA-AN-A046-01,2106,BRCA
TCGA-GI-A2C8-01,2136,BRCA
TCGA-A2-A0YM-01,1586,BRCA
TCGA-A7-A0CD-01,1128,BRCA
TCGA-BH-A0HL-01,5999,BRCA
TCGA-EW-A1OW-01,1589,BRCA
TCGA-AN-A0XT-01,6648,BRCA
TCGA-B6-A0X0-01,1823,BRCA
TCGA-AO-A12E-01,2898,BRCA
TCGA-BH-A0BJ-01,768,BRCA
TCGA-BH-A0EE-01,2032,BRCA
TCGA-C8-A12W-01,1023,BRCA
TCGA-UU-A93S-01,3315,BRCA
TCGA-E2-A10C-01,5688,BRCA
TCGA-AQ-A04L-01,3876,BRCA
TCGA-A7-A3J0-01,2167,BRCA
TCGA-AN-A0FZ-01,3858,BRCA
TCGA-E9-A22D-01,1483,BRCA
TCGA-AO-A0J6-01,1225,BRCA
TCGA-AC-A2FK-01,2398,BRCA
TCGA-B6-A0RV-01,847,BRCA
TCGA-E9-A22A-01,774,BRCA
TCGA-A2-A0D4-01,3070,BRCA
TCGA-AC-A6IV-01,7659,BRCA
TCGA-E2-A107-01,4566,BRCA
TCGA-AC-A23E-01,556,BRCA
TCGA-BH-A18Q-01,4522,BRCA
TCGA-C8-A137-01,1617,BRCA
TCGA-PL-A8LY-01,1516,BRCA
TCGA-BH-A1FE-01,1612,BRCA
TCGA-AR-A24O-01,1856,BRCA
TCGA-A2-A1G4-01,1971,BRCA
TCGA-E2-A1IH-01,1341,BRCA
TCGA-D8-A1Y1-01,1348,BRCA
TCGA-AO-A0J9-01,2759,BRCA
TCGA-E2-A1B4-01,4566,BRCA
TCGA-C8-A135-01,990,BRCA
TCGA-OL-A5RV-01,15802,BRCA
TCGA-A8-A09G-01,1978,BRCA
TCGA-BH-A0BZ-01,1260,BRCA
TCGA-A2-A0CQ-01,6569,BRCA
TCGA-A2-A0SY-01,1148,BRCA
TCGA-W8-A86G-01,22732,BRCA
TCGA-E2-A15J-01,5765,BRCA
TCGA-AR-A24S-01,2430,BRCA
TCGA-EW-A3E8-01,16136,BRCA
TCGA-E2-A1B1-01,1496,BRCA
TCGA-EW-A6SA-01,14503,BRCA
TCGA-A2-A0D2-01,3069,BRCA
TCGA-BH-A0BQ-01,592,BRCA
TCGA-BH-A0B7-01,590,BRCA
TCGA-E9-A1R6-01,5524,BRCA
TCGA-A7-A0CG-01,1131,BRCA
TCGA-D8-A1X9-01,1871,BRCA
TCGA-B6-A0RT-01,6930,BRCA
TCGA-D8-A27G-01,1781,BRCA
TCGA-A2-A4S2-01,12906,BRCA
TCGA-AN-A0FD-01,547,BRCA
TCGA-A2-A0YL-01,1102,BRCA
TCGA-5L-AAT0-01,4644,BRCA
TCGA-EW-A2FR-01,1222,BRCA
TCGA-BH-A6R8-01,2960,BRCA
TCGA-AR-A2LL-01,7564,BRCA
TCGA-A8-A09Z-01,967,BRCA
TCGA-A2-A0YJ-01,1741,BRCA
TCGA-E2-A15F-01,5761,BRCA
TCGA-D8-A1JT-01,1689,BRCA
TCGA-AO-A0JF-01,489,BRCA
TCGA-A7-A6VY-01,3086,BRCA
TCGA-B6-A0IQ-01,5412,BRCA
TCGA-4H-AAAK-01,4371,BRCA
TCGA-A2-A3XU-01,2271,BRCA
TCGA-C8-A12X-01,1267,BRCA
TCGA-E9-A226-01,4303,BRCA
TCGA-A2-A1FW-01,2750,BRCA
TCGA-A8-A084-01,5473,BRCA
TCGA-E9-A227-01,1689,BRCA
TCGA-BH-A42V-01,17949,BRCA
TCGA-BH-A0E7-01,2085,BRCA
TCGA-A7-A56D-01,1439,BRCA
TCGA-A8-A082-01,2578,BRCA
TCGA-C8-A133-01,1412,BRCA
TCGA-D8-A1XM-01,639,BRCA
TCGA-PE-A5DD-01,18286,BRCA
TCGA-AO-A12G-01,905,BRCA
TCGA-BH-A0BF-01,5246,BRCA
TCGA-AO-A03L-01,1421,BRCA
TCGA-E2-A1IF-01,2963,BRCA
TCGA-AN-A0FW-01,1228,BRCA
TCGA-BH-A0H0-01,6779,BRCA
TCGA-BH-A5IZ-01,3632,BRCA
TCGA-EW-A1PH-01,1316,BRCA
TCGA-EW-A1PC-01,4090,BRCA
TCGA-BH-A0BL-01,1949,BRCA
TCGA-A8-A07E-01,904,BRCA
TCGA-A7-A4SB-01,28686,BRCA
TCGA-A8-A08X-01,1134,BRCA
TCGA-BH-A0BS-01,538,BRCA
TCGA-A2-A04P-01,7749,BRCA
TCGA-AO-A03V-01,2364,BRCA
TCGA-5L-AAT1-01,3452,BRCA
TCGA-PL-A8LV-01,7433,BRCA
TCGA-BH-A1FG-01,822,BRCA
TCGA-A8-A08R-01,2741,BRCA
TCGA-A2-A0EN-01,2854,BRCA
TCGA-A7-A3J1-01,14662,BRCA
TCGA-AO-A12C-01,3392,BRCA
TCGA-BH-A18P-01,2970,BRCA
TCGA-E2-A10B-01,1380,BRCA
TCGA-EW-A6SC-01,6945,BRCA
TCGA-B6-A0WW-01,1230,BRCA
TCGA-AQ-A54O-01,7599,BRCA
TCGA-E9-A247-01,4894,BRCA
TCGA-LL-A8F5-01,4402,BRCA
TCGA-AC-A23G-01,907,BRCA
TCGA-BH-AB28-01,10670,BRCA
TCGA-AR-A0TV-01,3484,BRCA
TCGA-B6-A0X4-01,2923,BRCA
TCGA-A2-A4S1-01,5200,BRCA
TCGA-B6-A0WS-01,1384,BRCA
TCGA-A1-A0SI-01,1054,BRCA
TCGA-A2-A0YT-01,2791,BRCA
TCGA-BH-A0DZ-01,479,BRCA
TCGA-AC-A3QP-01,2396,BRCA
TCGA-AR-A0U2-01,3898,BRCA
TCGA-D8-A1JB-01,1960,BRCA
TCGA-AR-A2LM-01,4240,BRCA
TCGA-E2-A150-01,1327,BRCA
TCGA-E9-A2JS-01,5354,BRCA
TCGA-A7-A13H-01,10876,BRCA
TCGA-A2-A0EY-01,3813,BRCA
TCGA-E2-A15I-01,13462,BRCA
TCGA-A8-A09M-01,7348,BRCA
TCGA-AR-A0TS-01,3706,BRCA
TCGA-GM-A2D9-01,6445,BRCA
TCGA-XX-A89A-01,10206,BRCA
TCGA-E9-A1RF-01,2513,BRCA
TCGA-AC-A6NO-01,14067,BRCA
TCGA-EW-A1PB-01,2111,BRCA
TCGA-D8-A27N-01,1549,BRCA
TCGA-AN-A0XO-01,1095,BRCA
TCGA-A2-A25A-01,612,BRCA
TCGA-E9-A1NC-01,1252,BRCA
TCGA-A2-A25B-01,1902,BRCA
TCGA-AR-A24R-01,3324,BRCA
TCGA-C8-A12Z-01,929,BRCA
TCGA-AR-A2LO-01,6142,BRCA
TCGA-AC-A3W5-01,5689,BRCA
TCGA-A8-A08I-01,5005,BRCA
TCGA-E2-A14Y-01,572,BRCA
TCGA-A8-A06X-01,2026,BRCA
TCGA-AO-A12A-01,4535,BRCA
TCGA-AR-A24N-01,1907,BRCA
TCGA-A2-A0YC-01,2362,BRCA
TCGA-B6-A40B-01,9009,BRCA
TCGA-E2-A1L6-01,4302,BRCA
TCGA-A8-A09V-01,13110,BRCA
TCGA-5T-A9QA-01,5325,BRCA
TCGA-E2-A14Q-01,1256,BRCA
TCGA-A2-A0T2-01,940,BRCA
TCGA-AR-A24M-01,648,BRCA
TCGA-AC-A2QJ-01,1551,BRCA
TCGA-AR-A24P-01,1699,BRCA
TCGA-AR-A1AY-01,4171,BRCA
TCGA-EW-A1PE-01,3793,BRCA
TCGA-E2-A15O-01,6733,BRCA
TCGA-BH-A1EY-01,2136,BRCA
TCGA-AO-A128-01,3257,BRCA
TCGA-AN-A0FN-01,692,BRCA
TCGA-AO-A12D-01,1736,BRCA
TCGA-LL-A5YO-01,2643,BRCA
TCGA-BH-A0B5-01,9259,BRCA
TCGA-BH-A0H3-01,1174,BRCA
TCGA-A8-A085-01,1802,BRCA
TCGA-D8-A143-01,1224,BRCA
TCGA-A2-A0T5-01,1337,BRCA
TCGA-E9-A1RH-01,806,BRCA
TCGA-OL-A66H-01,3594,BRCA
TCGA-BH-A18V-01,3175,BRCA
TCGA-AR-A24X-01,1108,BRCA
TCGA-A8-A06Z-01,1607,BRCA
TCGA-E2-A15E-01,4162,BRCA
TCGA-A2-A3XY-01,5641,BRCA
TCGA-BH-A1FC-01,1302,BRCA
TCGA-D8-A1XC-01,2383,BRCA
TCGA-E9-A1R0-01,1229,BRCA
TCGA-S3-AA10-01,5122,BRCA
TCGA-E2-A158-01,6229,BRCA
TCGA-A8-A09I-01,2085,BRCA
TCGA-E2-A572-01,1567,BRCA
TCGA-Z7-A8R5-01,2826,BRCA
TCGA-EW-A1P3-01,9248,BRCA
TCGA-OL-A66N-01,2930,BRCA
TCGA-AO-A12B-01,1017,BRCA
TCGA-C8-A131-01,3080,BRCA
TCGA-BH-A0WA-01,1516,BRCA
TCGA-A2-A4RY-01,17603,BRCA
TCGA-AN-A0XW-01,957,BRCA
TCGA-C8-A27A-01,3205,BRCA
TCGA-C8-A26X-01,949,BRCA
TCGA-A8-A08F-01,3608,BRCA
TCGA-E2-A1LL-01,784,BRCA
TCGA-E9-A1ND-01,1386,BRCA
TCGA-A2-A0YH-01,1465,BRCA
TCGA-E9-A249-01,3151,BRCA
TCGA-BH-A0C3-01,2628,BRCA
TCGA-B6-A0IG-01,2388,BRCA
TCGA-AN-A0AL-01,751,BRCA
TCGA-BH-A0DO-01,3160,BRCA
TCGA-EW-A3U0-01,8710,BRCA
TCGA-AR-A2LJ-01,1947,BRCA
TCGA-GM-A2DK-01,2154,BRCA
TCGA-AR-A1AI-01,1239,BRCA
TCGA-AO-A0J4-01,1468,BRCA
TCGA-E2-A108-01,1758,BRCA
TCGA-D8-A1XT-01,2612,BRCA
TCGA-C8-A1HN-01,2616,BRCA
TCGA-S3-A6ZH-01,3533,BRCA
TCGA-A2-A04U-01,3085,BRCA
TCGA-D8-A1Y2-01,933,BRCA
TCGA-D8-A147-01,4263,BRCA
TCGA-S3-A6ZF-01,7443,BRCA
TCGA-E9-A5UO-01,3042,BRCA
TCGA-B6-A409-01,2198,BRCA
TCGA-BH-A1EV-01,3489,BRCA
TCGA-A2-A0YI-01,1415,BRCA
TCGA-BH-A18M-01,1402,BRCA
TCGA-B6-A0IN-01,1303,BRCA
TCGA-A2-A0ET-01,5713,BRCA
TCGA-E9-A228-01,2223,BRCA
TCGA-OL-A97C-01,8743,BRCA
TCGA-LQ-A4E4-01,19690,BRCA
TCGA-BH-A0H7-01,528,BRCA
TCGA-LL-A73Y-01,5164,BRCA
TCGA-E9-A245-01,1477,BRCA
TCGA-AN-A049-01,1855,BRCA
TCGA-E2-A1IU-01,1462,BRCA
TCGA-B6-A0IM-01,1517,BRCA
TCGA-BH-A28Q-01,1719,BRCA
TCGA-AO-A0J7-01,2330,BRCA
TCGA-EW-A6SD-01,2574,BRCA
TCGA-BH-A0HF-01,708,BRCA
TCGA-AC-A3BB-01,2785,BRCA
TCGA-A2-A0EW-01,1905,BRCA
TCGA-AR-A2LE-01,3596,BRCA
TCGA-A2-A0CP-01,2263,BRCA
TCGA-A8-A093-01,2484,BRCA
TCGA-AC-A2BM-01,11244,BRCA
TCGA-BH-A1EW-01,2535,BRCA
TCGA-BH-A42T-01,10080,BRCA
TCGA-C8-A275-01,1334,BRCA
TCGA-D8-A1XV-01,1519,BRCA
TCGA-BH-A0RX-01,1225,BRCA
TCGA-OL-A6VO-01,3698,BRCA
TCGA-EW-A6SB-01,1120,BRCA
TCGA-LL-A5YP-01,2931,BRCA
TCGA-AO-A124-01,1894,BRCA
TCGA-AN-A0AK-01,793,BRCA
TCGA-AO-A0J5-01,898,BRCA
TCGA-AN-A0XN-01,719,BRCA
TCGA-UL-AAZ6-01,11702,BRCA
TCGA-EW-A1J2-01,2645,BRCA
TCGA-E2-A14S-01,5328,BRCA
TCGA-E9-A1R7-01,864,BRCA
TCGA-D8-A1XY-01,2027,BRCA
TCGA-BH-A1FB-01,1255,BRCA
TCGA-OL-A5RX-01,8866,BRCA
TCGA-BH-A0BA-01,5281,BRCA
TCGA-A8-A09N-01,1664,BRCA
TCGA-D8-A27W-01,1743,BRCA
TCGA-HN-A2NL-01,6488,BRCA
TCGA-AR-A1AX-01,3687,BRCA
TCGA-A8-A08S-01,2082,BRCA
TCGA-E9-A243-01,789,BRCA
TCGA-E2-A15P-01,3450,BRCA
TCGA-D8-A145-01,3480,BRCA
TCGA-AC-A3EH-01,2687,BRCA
TCGA-E2-A1LH-01,3307,BRCA
TCGA-A8-A07I-01,1905,BRCA
TCGA-AC-A3YJ-01,3598,BRCA
TCGA-E2-A15T-01,1576,BRCA
TCGA-D8-A13Z-01,1899,BRCA
TCGA-AO-A1KO-01,703,BRCA
TCGA-C8-A1HF-01,2405,BRCA
TCGA-A2-A0CM-01,4900,BRCA
TCGA-A7-A0CJ-01,5154,BRCA
TCGA-AQ-A1H3-01,1019,BRCA
TCGA-S3-AA17-01,16284,BRCA
TCGA-A7-A2KD-01,6498,BRCA
TCGA-D8-A27E-01,853,BRCA
TCGA-C8-A12O-01,1171,BRCA
TCGA-BH-A1FR-01,2216,BRCA
TCGA-BH-A18J-01,1081,BRCA
TCGA-E9-A1N4-01,1444,BRCA
TCGA-A2-A0CS-01,1136,BRCA
TCGA-E2-A1IL-01,5579,BRCA
TCGA-AR-A1AO-01,665,BRCA
TCGA-OL-A5D6-01,2974,BRCA
TCGA-D8-A1XG-01,2157,BRCA
TCGA-AN-A0FK-01,1484,BRCA
TCGA-AR-A254-01,2077,BRCA
TCGA-D8-A73U-01,11568,BRCA
TCGA-AN-A0FV-01,2113,BRCA
TCGA-BH-A0DQ-01,958,BRCA
TCGA-AN-A0AM-01,2686,BRCA
TCGA-AR-A256-01,1124,BRCA
TCGA-BH-A1F6-01,987,BRCA
TCGA-AR-A255-01,2118,BRCA
TCGA-A2-A1FX-01,7555,BRCA
TCGA-A1-A0SJ-01,1061,BRCA
TCGA-A8-A0A2-01,9460,BRCA
TCGA-E2-A570-01,7967,BRCA
TCGA-AR-A1AR-01,1055,BRCA
TCGA-AO-A1KR-01,8260,BRCA
TCGA-BH-A0B3-01,1695,BRCA
TCGA-E9-A1QZ-01,2426,BRCA
TCGA-D8-A27I-01,2575,BRCA
TCGA-E2-A14N-01,2239,BRCA
TCGA-EW-A1J3-01,9862,BRCA
TCGA-BH-A0BV-01,1843,BRCA
TCGA-AO-A1KP-01,8800,BRCA
TCGA-E2-A1LE-01,2203,BRCA
TCGA-A8-A07U-01,1529,BRCA
TCGA-WT-AB44-01,5499,BRCA
TCGA-E9-A5FL-01,1457,BRCA
TCGA-A7-A4SA-01,10008,BRCA
TCGA-A2-A0SV-01,2556,BRCA
TCGA-B6-A0I1-01,5744,BRCA
TCGA-BH-A18K-01,1923,BRCA
TCGA-D8-A1X7-01,850,BRCA
TCGA-B6-A400-01,10059,BRCA
TCGA-A8-A0A6-01,2041,BRCA
TCGA-A7-A4SE-01,8046,BRCA
TCGA-AR-A5QM-01,5937,BRCA
TCGA-BH-A0E6-01,2259,BRCA
TCGA-3C-AAAU-01,12291,BRCA
TCGA-BH-A0HN-01,8326,BRCA
TCGA-B6-A0RI-01,3156,BRCA
TCGA-AO-A125-01,20194,BRCA
TCGA-E9-A5FK-01,3446,BRCA
TCGA-A2-A259-01,3166,BRCA
TCGA-A2-A0EX-01,412,BRCA
TCGA-A8-A079-01,3842,BRCA
TCGA-A2-A04Y-01,16528,BRCA
TCGA-AO-A0J8-01,1167,BRCA
TCGA-EW-A1J6-01,8146,BRCA
TCGA-D8-A27R-01,3006,BRCA
TCGA-A2-A0EU-01,2983,BRCA
TCGA-BH-A0BG-01,1205,BRCA
TCGA-B6-A0I2-01,4255,BRCA
TCGA-B6-A0IC-01,4858,BRCA
TCGA-GM-A3XG-01,3352,BRCA
TCGA-B6-A2IU-01,8543,BRCA
TCGA-AO-A12H-01,1655,BRCA
TCGA-A2-A04N-01,4610,BRCA
TCGA-B6-A1KN-01,3651,BRCA
TCGA-E2-A1IO-01,4544,BRCA
TCGA-A2-A25E-01,4506,BRCA
TCGA-BH-A0DP-01,1260,BRCA
TCGA-A8-A083-01,8214,BRCA
TCGA-AN-A03Y-01,8663,BRCA
TCGA-A2-A1G0-01,5146,BRCA
TCGA-E2-A15S-01,7565,BRCA
TCGA-A7-A0D9-01,8099,BRCA
TCGA-E2-A15H-01,3746,BRCA
TCGA-A2-A0EV-01,1300,BRCA
TCGA-AR-A5QN-01,5112,BRCA
TCGA-E2-A14R-01,4919,BRCA
TCGA-A8-A07L-01,2055,BRCA
TCGA-A8-A090-01,2057,BRCA
TCGA-AO-A0JL-01,7871,BRCA
TCGA-A2-A3XS-01,11676,BRCA
TCGA-AC-A3HN-01,6649,BRCA
TCGA-D8-A1XA-01,10837,BRCA
TCGA-A2-A04T-01,2723,BRCA
TCGA-BH-A208-01,393,BRCA
TCGA-AC-A62V-01,4175,BRCA
TCGA-AN-A0FF-01,3252,BRCA
TCGA-AR-A2LQ-01,506,BRCA
TCGA-GM-A5PX-01,4404,BRCA
TCGA-B6-A0IH-01,1624,BRCA
TCGA-AO-A03R-01,2116,BRCA
TCGA-E9-A1R3-01,770,BRCA
TCGA-C8-A26V-01,1159,BRCA
TCGA-BH-A0HB-01,562,BRCA
TCGA-A8-A08J-01,1166,BRCA
TCGA-LL-A7T0-01,14878,BRCA
TCGA-BH-A0HI-01,1396,BRCA
TCGA-BH-A0BO-01,2922,BRCA
TCGA-E2-A14T-01,2796,BRCA
TCGA-B6-A0RU-01,1535,BRCA
TCGA-E2-A15L-01,1151,BRCA
TCGA-E2-A1L8-01,5624,BRCA
TCGA-AO-A126-01,3042,BRCA
TCGA-EW-A6S9-01,2819,BRCA
TCGA-BH-A1FH-01,975,BRCA
TCGA-C8-A130-01,6199,BRCA
TCGA-A2-A0ES-01,1295,BRCA
TCGA-EW-A1PD-01,2730,BRCA
TCGA-AR-A2LH-01,1113,BRCA
TCGA-E9-A1NF-01,1104,BRCA
TCGA-E2-A15K-06,6249,BRCA
TCGA-D8-A146-01,3038,BRCA
TCGA-E2-A155-01,1276,BRCA
TCGA-AR-A24Q-01,918,BRCA
TCGA-A2-A04V-01,2477,BRCA
TCGA-BH-A18T-01,2251,BRCA
TCGA-A8-A086-01,1466,BRCA
TCGA-BH-A0C1-01,1562,BRCA
TCGA-EW-A1OZ-01,3132,BRCA
TCGA-GM-A3XN-01,13945,BRCA
TCGA-EW-A2FW-01,3578,BRCA
TCGA-BH-A1FD-01,2337,BRCA
TCGA-AO-A0J3-01,6155,BRCA
TCGA-AR-A1AQ-01,1080,BRCA
TCGA-E9-A1R5-01,2590,BRCA
TCGA-A8-A09A-01,1042,BRCA
TCGA-AN-A0XV-01,2304,BRCA
TCGA-AO-A0JM-01,1360,BRCA
TCGA-A2-A3KC-01,8947,BRCA
TCGA-BH-A18H-01,4851,BRCA
TCGA-A8-A096-01,1484,BRCA
TCGA-AN-A0XU-01,3901,BRCA
TCGA-BH-A0W4-01,2928,BRCA
TCGA-LL-A442-01,3054,BRCA
TCGA-BH-A6R9-01,2571,BRCA
TCGA-AR-A0TQ-01,3120,BRCA
TCGA-A8-A08C-01,1191,BRCA
TCGA-BH-A0B4-01,1704,BRCA
TCGA-AR-A1AP-01,3793,BRCA
TCGA-A2-A1G6-01,1442,BRCA
TCGA-D8-A1XZ-01,3010,BRCA
TCGA-BH-A0AW-01,1005,BRCA
TCGA-AQ-A1H2-01,2424,BRCA
TCGA-E2-A1B0-01,790,BRCA
TCGA-BH-A0HX-01,1288,BRCA
TCGA-EW-A1PA-01,5083,BRCA
TCGA-C8-A278-01,1132,BRCA
TCGA-A7-A26G-01,1058,BRCA
TCGA-AR-A24Z-01,1090,BRCA
TCGA-A2-A0EM-01,537,BRCA
TCGA-GM-A2DM-01,1439,BRCA
TCGA-OL-A5D8-01,12338,BRCA
TCGA-B6-A0WX-01,3037,BRCA
TCGA-D8-A1Y0-01,3307,BRCA
TCGA-D8-A1JU-01,764,BRCA
TCGA-D8-A1XW-01,1821,BRCA
TCGA-XX-A899-01,13461,BRCA
TCGA-BH-A8G0-01,10557,BRCA
TCGA-C8-A12M-01,4084,BRCA
TCGA-C8-A1HK-01,528,BRCA
TCGA-GM-A2DF-01,4806,BRCA
TCGA-A8-A0AB-01,4597,BRCA
TCGA-BH-A18I-01,2015,BRCA
TCGA-LL-A5YN-01,4751,BRCA
TCGA-A7-A4SC-01,10313,BRCA
TCGA-D8-A1JN-01,3860,BRCA
TCGA-A8-A094-01,939,BRCA
TCGA-B6-A0WV-01,1245,BRCA
TCGA-A2-A04R-01,2923,BRCA
TCGA-E9-A22G-01,1747,BRCA
TCGA-GM-A2DL-01,1882,BRCA
TCGA-B6-A0X1-01,1960,BRCA
TCGA-A8-A06U-01,1289,BRCA
TCGA-B6-A0IA-01,1052,BRCA
TCGA-E2-A1LS-01,1383,BRCA
TCGA-E2-A15E-06,8971,BRCA
TCGA-E2-A154-01,2871,BRCA
TCGA-A2-A0T1-01,1192,BRCA
TCGA-A2-A3KD-01,1977,BRCA
TCGA-AR-A2LN-01,4311,BRCA
TCGA-D8-A1XB-01,2086,BRCA
TCGA-EW-A1P1-01,401,BRCA
TCGA-E9-A3QA-01,5776,BRCA
TCGA-E9-A1NA-01,1291,BRCA
TCGA-AO-A0J2-01,2194,BRCA
TCGA-A2-A4S0-01,9712,BRCA
TCGA-C8-A26Z-01,4852,BRCA
TCGA-AO-A1KT-01,1523,BRCA
TCGA-BH-A0H9-01,943,BRCA
TCGA-A2-A0YE-01,2452,BRCA
TCGA-C8-A8HQ-01,9660,BRCA
TCGA-BH-A28O-01,11445,BRCA
TCGA-A1-A0SN-01,1079,BRCA
TCGA-AR-A0TY-01,1128,BRCA
TCGA-C8-A12U-01,4216,BRCA
TCGA-OL-A66K-01,9911,BRCA
TCGA-B6-A1KI-01,1006,BRCA
TCGA-E9-A1N8-01,3857,BRCA
TCGA-A8-A06O-01,3936,BRCA
TCGA-EW-A1IW-01,1167,BRCA
TCGA-A2-A0T0-01,2068,BRCA
TCGA-AN-A04A-01,444,BRCA
TCGA-D8-A1XF-01,3362,BRCA
TCGA-BH-A0AY-01,1371,BRCA
TCGA-E9-A1RB-01,2567,BRCA
TCGA-BH-A0BW-01,3019,BRCA
TCGA-A2-A0CU-01,1667,BRCA
TCGA-A8-A0A1-01,1686,BRCA
TCGA-BH-A0HQ-01,1647,BRCA
TCGA-BH-A0HK-01,665,BRCA
TCGA-GM-A3NY-01,18233,BRCA
TCGA-AR-A250-01,2491,BRCA
TCGA-E9-A1RG-01,6460,BRCA
TCGA-AN-A041-01,2261,BRCA
TCGA-AR-A0TT-01,4181,BRCA
TCGA-B6-A0WZ-01,3370,BRCA
TCGA-A1-A0SH-01,359,BRCA
TCGA-E9-A1RE-01,2446,BRCA
TCGA-3C-AALI-01,14753,BRCA
TCGA-A2-A04W-01,931,BRCA
TCGA-D8-A1J8-01,1990,BRCA
TCGA-GM-A2DD-01,3938,BRCA
TCGA-AR-A1AV-01,4627,BRCA
TCGA-E2-A1IN-01,1573,BRCA
TCGA-C8-A138-01,3735,BRCA
TCGA-E9-A22B-01,694,BRCA
TCGA-AO-A03M-01,1476,BRCA
TCGA-HN-A2OB-01,2336,BRCA
TCGA-A7-A6VW-01,1974,BRCA
TCGA-A2-A25C-01,2422,BRCA
TCGA-EW-A1IZ-01,3854,BRCA
TCGA-AQ-A54N-01,7783,BRCA
TCGA-A8-A08T-01,1940,BRCA
TCGA-AC-A2B8-01,3115,BRCA
TCGA-AN-A0AT-01,1937,BRCA
TCGA-D8-A1XO-01,1093,BRCA
TCGA-A2-A3XW-01,3882,BRCA
TCGA-OL-A5S0-01,3549,BRCA
TCGA-BH-A18U-01,1359,BRCA
TCGA-A8-A07F-01,1983,BRCA
TCGA-A8-A08O-01,3083,BRCA
TCGA-D8-A1JP-01,1774,BRCA
TCGA-GM-A3NW-01,4428,BRCA
TCGA-A2-A1FV-01,6153,BRCA
TCGA-AR-A0U4-01,1318,BRCA
TCGA-E9-A1RD-01,3842,BRCA
TCGA-EW-A1P5-01,1254,BRCA
TCGA-E9-A1R2-01,4337,BRCA
TCGA-LL-A7SZ-01,5911,BRCA
TCGA-A8-A06R-01,7301,BRCA
TCGA-AR-A24K-01,3099,BRCA
TCGA-PL-A8LZ-01,2739,BRCA
TCGA-A7-A3RF-01,3961,BRCA
TCGA-A8-A06T-01,3689,BRCA
TCGA-D8-A27L-01,3108,BRCA
TCGA-BH-A0B8-01,1242,BRCA
TCGA-AR-A0U0-01,3020,BRCA
TCGA-BH-A18V-06,9194,BRCA
TCGA-A2-A0T6-01,1123,BRCA
TCGA-A1-A0SO-01,2018,BRCA
TCGA-A7-A5ZX-01,6612,BRCA
TCGA-GM-A2DA-01,14373,BRCA
TCGA-A8-A09B-01,10098,BRCA
TCGA-C8-A12Q-01,1599,BRCA
TCGA-B6-A40C-01,29689,BRCA
TCGA-BH-A0HY-01,1360,BRCA
TCGA-A2-A3XT-01,10699,BRCA
TCGA-EW-A1P7-01,3501,BRCA
TCGA-A7-A5ZV-01,1404,BRCA
TCGA-BH-A0DD-01,4177,BRCA
TCGA-B6-A0IJ-01,1785,BRCA
TCGA-E2-A1II-01,1961,BRCA
TCGA-D8-A1JK-01,599,BRCA
TCGA-AC-A7VC-01,2318,BRCA
TCGA-E2-A14W-01,2281,BRCA
TCGA-BH-A0C0-01,3247,BRCA
TCGA-A7-A4SF-01,13028,BRCA
TCGA-A2-A4RW-01,8823,BRCA
TCGA-A8-A08P-01,3002,BRCA
TCGA-AR-A0TW-01,1626,BRCA
TCGA-C8-A274-01,4279,BRCA
TCGA-AR-A0TP-01,3248,BRCA
TCGA-A8-A09X-01,2134,BRCA
TCGA-AC-A2FF-01,1197,BRCA
TCGA-BH-A0H6-01,4671,BRCA
TCGA-E2-A1BD-01,5269,BRCA
TCGA-E2-A1AZ-01,6191,BRCA
TCGA-E2-A1LI-01,2406,BRCA
TCGA-EW-A1PF-01,2378,BRCA
TCGA-BH-A0E0-01,2346,BRCA
TCGA-C8-A27B-01,793,BRCA
TCGA-AO-A0JI-01,1671,BRCA
TCGA-A8-A09D-01,1617,BRCA
TCGA-GM-A4E0-01,13639,BRCA
TCGA-LD-A7W6-01,12450,BRCA
TCGA-E9-A1RA-01,6972,BRCA
TCGA-A8-A07P-01,775,BRCA
TCGA-BH-A1F8-01,1437,BRCA
TCGA-BH-A1F2-01,1004,BRCA
TCGA-BH-A0EA-01,2851,BRCA
TCGA-A7-A4SD-01,7154,BRCA
TCGA-A2-A0CO-01,10954,BRCA
TCGA-D8-A141-01,2474,BRCA
TCGA-V7-A7HQ-01,2694,BRCA
TCGA-BH-A0AU-01,2722,BRCA
TCGA-BH-A0B9-01,3070,BRCA
TCGA-LL-A6FQ-01,1850,BRCA
TCGA-B6-A0X5-01,1907,BRCA
TCGA-PE-A5DE-01,2091,BRCA
TCGA-A2-A3XX-01,5879,BRCA
TCGA-AR-A2LK-01,3139,BRCA
TCGA-B6-A0WT-01,2784,BRCA
TCGA-AC-A23C-01,2843,BRCA
TCGA-E2-A1L9-01,1763,BRCA
TCGA-AO-A12F-01,11040,BRCA
TCGA-A8-A08G-01,4007,BRCA
TCGA-E2-A10F-01,2130,BRCA
TCGA-D8-A3Z6-01,10810,BRCA
TCGA-BH-A0B0-01,655,BRCA
TCGA-BH-A1FU-01,638,BRCA
TCGA-PE-A5DC-01,5870,BRCA
TCGA-A2-A0SU-01,1458,BRCA
TCGA-E9-A1N6-01,765,BRCA
TCGA-BH-A0AZ-01,381,BRCA
TCGA-BH-A1ES-01,2720,BRCA
TCGA-D8-A1X8-01,1114,BRCA
TCGA-E2-A106-01,2501,BRCA
TCGA-A2-A4RX-01,11446,BRCA
TCGA-EW-A2FV-01,1064,BRCA
TCGA-AC-A2QI-01,3062,BRCA
TCGA-E2-A1LK-01,2206,BRCA
TCGA-AN-A0AJ-01,1407,BRCA
TCGA-AC-A8OQ-01,12826,BRCA
TCGA-E9-A1N9-01,2143,BRCA
TCGA-AC-A62X-01,2484,BRCA
TCGA-D8-A1JC-01,2300,BRCA
TCGA-E2-A109-01,4383,BRCA
TCGA-A2-A25D-01,1655,BRCA
TCGA-AN-A0FJ-01,1482,BRCA
TCGA-E2-A14V-01,1044,BRCA
TCGA-A2-A04Q-01,1185,BRCA
TCGA-AO-A0JE-01,1839,BRCA
TCGA-EW-A1P8-01,1719,BRCA
TCGA-A2-A0EO-01,449,BRCA
TCGA-A8-A07R-01,654,BRCA
TCGA-E9-A6HE-01,2343,BRCA
TCGA-BH-A18S-01,1160,BRCA
TCGA-AR-A24T-01,558,BRCA
TCGA-BH-A202-01,842,BRCA
TCGA-BH-A1F0-01,1299,BRCA
TCGA-S3-AA0Z-01,20553,BRCA
TCGA-AR-A1AW-01,9641,BRCA
TCGA-BH-A0HA-01,1285,BRCA
TCGA-E2-A1IG-01,2476,BRCA
TCGA-LD-A66U-01,9984,BRCA
TCGA-AO-A0JA-01,1340,BRCA
TCGA-B6-A0RH-01,1386,BRCA
TCGA-A2-A0T3-01,4551,BRCA
TCGA-E9-A3HO-01,26943,BRCA
TCGA-A2-A0SW-01,2610,BRCA
TCGA-A7-A26H-01,3094,BRCA
TCGA-C8-A8HR-01,9726,BRCA
TCGA-Z7-A8R6-01,8018,BRCA
TCGA-OL-A66I-01,4520,BRCA
TCGA-C8-A134-01,4836,BRCA
TCGA-B6-A0RO-01,567,BRCA
TCGA-A8-A0A4-01,3536,BRCA
TCGA-E2-A14X-01,1799,BRCA
TCGA-BH-A0AV-01,769,BRCA
TCGA-D8-A73W-01,9113,BRCA
TCGA-AN-A0FT-01,3401,BRCA
TCGA-A2-A0YK-01,1980,BRCA
TCGA-D8-A1JA-01,1038,BRCA
TCGA-AN-A03X-01,1580,BRCA
TCGA-A7-A6VX-01,7952,BRCA
TCGA-D8-A1XD-01,7135,BRCA
TCGA-C8-A26Y-01,3760,BRCA
TCGA-BH-A0W7-01,2151,BRCA
TCGA-BH-A1ET-01,1452,BRCA
TCGA-BH-A18R-01,1630,BRCA
TCGA-C8-A12V-01,2106,BRCA
TCGA-BH-A0BP-01,1580,BRCA
TCGA-A2-A25F-01,697,BRCA
TCGA-E2-A1LB-01,864,BRCA
TCGA-AO-A0JB-01,2251,BRCA
TCGA-B6-A0RE-01,1156,BRCA
TCGA-AR-A1AL-01,3797,BRCA
TCGA-E2-A15A-01,2671,BRCA
TCGA-AR-A24H-01,5272,BRCA
TCGA-D8-A27V-01,1516,BRCA
TCGA-E2-A14P-01,1121,BRCA
TCGA-A8-A07J-01,781,BRCA
TCGA-JL-A3YW-01,4995,BRCA
TCGA-AR-A1AM-01,8872,BRCA
TCGA-A8-A0AD-01,1499,BRCA
TCGA-C8-A3M7-01,8611,BRCA
TCGA-E2-A15D-01,5318,BRCA
TCGA-GI-A2C9-01,2256,BRCA
TCGA-BH-A1EX-01,2332,BRCA
TCGA-A2-A0T7-01,1604,BRCA
TCGA-B6-A0X7-01,5011,BRCA
TCGA-AO-A0JJ-01,726,BRCA
TCGA-C8-A1HE-01,1945,BRCA
TCGA-BH-A0E2-01,1157,BRCA
TCGA-BH-A5J0-01,2813,BRCA
TCGA-A1-A0SK-01,2709,BRCA
TCGA-E2-A156-01,2423,BRCA
TCGA-AC-A5XS-01,1582,BRCA
TCGA-AN-A04C-01,3054,BRCA
TCGA-A8-A07G-01,572,BRCA
TCGA-BH-A1FE-06,1288,BRCA
TCGA-E9-A1N3-01,3345,BRCA
TCGA-A8-A09W-01,1418,BRCA
TCGA-D8-A1JM-01,1967,BRCA
TCGA-D8-A1X6-01,3225,BRCA
TCGA-D8-A1JF-01,1407,BRCA
TCGA-B6-A0RP-01,3226,BRCA
TCGA-BH-A0DG-01,2058,BRCA
TCGA-BH-A1EN-01,826,BRCA
TCGA-BH-A201-01,1711,BRCA
TCGA-A2-A0CV-01,1155,BRCA
TCGA-WT-AB41-01,2047,BRCA
TCGA-BH-A18N-01,6207,BRCA
TCGA-A8-A07Z-01,669,BRCA
TCGA-E2-A15G-01,6955,BRCA
TCGA-BH-A18G-01,1279,BRCA
TCGA-D8-A73X-01,11565,BRCA
TCGA-A1-A0SE-01,1381,BRCA
TCGA-OL-A5D7-01,12620,BRCA
TCGA-EW-A1J5-01,12155,BRCA
TCGA-A2-A0EP-01,8479,BRCA
TCGA-A2-A0CX-01,1386,BRCA
TCGA-EW-A1OV-01,2592,BRCA
TCGA-JL-A3YX-01,5061,BRCA
TCGA-AR-A5QP-01,4815,BRCA
TCGA-E9-A3X8-01,2533,BRCA
TCGA-AR-A0TR-01,5485,BRCA
TCGA-D8-A1JS-01,1928,BRCA
TCGA-AR-A0U3-01,3306,BRCA
TCGA-A2-A0YF-01,1158,BRCA
TCGA-BH-A42U-01,2267,BRCA
TCGA-MS-A51U-01,13986,BRCA
TCGA-BH-A0B6-01,1083,BRCA
TCGA-D8-A1JL-01,1213,BRCA
TCGA-E2-A1LA-01,2625,BRCA
TCGA-D8-A13Y-01,6128,BRCA
TCGA-A2-A3Y0-01,6111,BRCA
TCGA-A8-A09K-01,7358,BRCA
TCGA-EW-A1OX-01,1446,BRCA
TCGA-EW-A1IY-01,746,BRCA
TCGA-B6-A0IP-01,3146,BRCA
TCGA-AQ-A0Y5-01,1074,BRCA
TCGA-E9-A3Q9-01,2618,BRCA
TCGA-E2-A1LG-01,1498,BRCA
TCGA-E9-A1NG-01,303,BRCA
TCGA-EW-A1P4-01,1143,BRCA
TCGA-BH-A0GY-01,1373,BRCA
TCGA-BH-A0W5-01,4644,BRCA
TCGA-A2-A0ST-01,1712,BRCA
TCGA-E9-A1NE-01,2555,BRCA
TCGA-AO-A03P-01,1308,BRCA
TCGA-A8-A09Q-01,2439,BRCA
TCGA-BH-A0HO-01,561,BRCA
TCGA-E2-A15R-01,3091,BRCA
TCGA-BH-A209-01,2980,BRCA
TCGA-B6-A0WY-01,1164,BRCA
TCGA-E2-A2P5-01,1728,BRCA
TCGA-B6-A0IK-01,1132,BRCA
TCGA-A7-A5ZW-01,979,BRCA
TCGA-LL-A441-01,25826,BRCA
TCGA-BH-A0GZ-01,1297,BRCA
TCGA-LL-A740-01,2085,BRCA
TCGA-AC-A3TM-01,2373,BRCA
TCGA-AR-A1AN-01,381,BRCA
TCGA-BH-A0DI-01,588,BRCA
TCGA-E2-A1IK-01,1355,BRCA
TCGA-E2-A56Z-01,3725,BRCA
TCGA-GM-A5PV-01,1588,BRCA
TCGA-D8-A1X5-01,2689,BRCA
TCGA-A8-A076-01,1554,BRCA
TCGA-E9-A2JT-01,8547,BRCA
TCGA-A8-A09C-01,6436,BRCA
TCGA-E2-A159-01,1728,BRCA
TCGA-AQ-A04J-01,1787,BRCA
TCGA-B6-A402-01,14103,BRCA
TCGA-C8-A12P-01,1330,BRCA
TCGA-AO-A1KS-01,4593,BRCA
TCGA-C8-A12N-01,2984,BRCA
TCGA-LL-A73Z-01,2060,BRCA
TCGA-A1-A0SQ-01,1671,BRCA
TCGA-AN-A0FY-01,7076,BRCA
TCGA-D8-A142-01,3792,BRCA
TCGA-AR-A2LR-01,4256,BRCA
TCGA-BH-A0BC-01,851,BRCA
TCGA-AC-A7VB-01,9721,BRCA
TCGA-LL-A5YL-01,2035,BRCA
TCGA-C8-A3M8-01,5848,BRCA
TCGA-A2-A0EQ-01,2657,BRCA
TCGA-AN-A04D-01,3280,BRCA
TCGA-AO-A03O-01,1736,BRCA
TCGA-A8-A06N-01,3810,BRCA
TCGA-S3-AA12-01,6433,BRCA
TCGA-AO-A0JG-01,3692,BRCA
TCGA-GM-A2DO-01,21930,BRCA
TCGA-B6-A0IB-01,1296,BRCA
TCGA-BH-A0BM-01,1625,BRCA
TCGA-AR-A1AJ-01,1349,BRCA
TCGA-A8-A092-01,1460,BRCA
TCGA-BH-A1FM-01,1731,BRCA
TCGA-EW-A423-01,16347,BRCA
TCGA-C8-A1HI-01,1143,BRCA
TCGA-BH-A0E1-01,446,BRCA
TCGA-D8-A1XR-01,3646,BRCA
TCGA-A8-A08H-01,756,BRCA
TCGA-A2-A0ER-01,939,BRCA
TCGA-EW-A1P6-01,2787,BRCA
TCGA-A7-A0DA-01,2315,BRCA
TCGA-AC-A6IX-06,4854,BRCA
TCGA-EW-A1J1-01,1429,BRCA
TCGA-C8-A1HL-01,2455,BRCA
TCGA-A8-A06P-01,1544,BRCA
TCGA-AR-A1AK-01,4894,BRCA
TCGA-A1-A0SB-01,1113,BRCA
TCGA-A2-A4S3-01,7669,BRCA
TCGA-BH-A0B2-01,1046,BRCA
TCGA-E9-A24A-01,1493,BRCA
TCGA-E2-A1B5-01,917,BRCA
TCGA-E2-A1BC-01,1737,BRCA
TCGA-AR-A24W-01,1703,BRCA
TCGA-AR-A1AU-01,2556,BRCA
TCGA-B6-A408-01,13359,BRCA
TCGA-AO-A03U-01,1196,BRCA
TCGA-OL-A66P-01,1441,BRCA
TCGA-A8-A0A7-01,958,BRCA
TCGA-BH-A0BD-01,1121,BRCA
TCGA-A8-A08A-01,1869,BRCA
TCGA-AR-A24L-01,1109,BRCA
TCGA-BH-A0E9-01,4488,BRCA
TCGA-AC-A3W6-01,8808,BRCA
TCGA-BH-A1EU-01,4252,BRCA
TCGA-A7-A6VV-01,3148,BRCA
TCGA-BH-A0DH-01,1518,BRCA
TCGA-BH-A0EI-01,1653,BRCA
TCGA-D8-A1JE-01,702,BRCA
TCGA-EW-A1IX-01,1220,BRCA
TCGA-E9-A229-01,4416,BRCA
TCGA-BH-A0DE-01,3712,BRCA
TCGA-E2-A105-01,8719,BRCA
TCGA-B6-A0I8-01,2384,BRCA
TCGA-BH-A0DX-01,2555,BRCA
TCGA-A2-A0CY-01,5949,BRCA
TCGA-AN-A0G0-01,2158,BRCA
TCGA-C8-A1HJ-01,4307,BRCA
TCGA-D8-A27K-01,5119,BRCA
TCGA-EW-A2FS-01,14148,BRCA
TCGA-A2-A0YD-01,3806,BRCA
TCGA-AC-A8OS-01,16493,BRCA
TCGA-E9-A54Y-01,5334,BRCA
TCGA-AC-A2FM-01,7008,BRCA
TCGA-C8-A12T-01,749,BRCA
TCGA-A8-A09T-01,1403,BRCA
TCGA-AN-A0XS-01,2687,BRCA
TCGA-LL-A6FP-01,2874,BRCA
TCGA-AN-A0FX-01,3463,BRCA
TCGA-OK-A5Q2-01,8112,BRCA
TCGA-OL-A5DA-01,11231,BRCA
TCGA-E2-A2P6-01,10294,BRCA
TCGA-LD-A9QF-01,1710,BRCA
TCGA-C8-A273-01,1165,BRCA
TCGA-BH-A18L-01,1180,BRCA
TCGA-E9-A22H-01,1999,BRCA
TCGA-BH-A0HU-01,5322,BRCA
TCGA-A7-A3IY-01,1067,BRCA
TCGA-B6-A0RN-01,1341,BRCA
TCGA-AQ-A04H-01,2647,BRCA
TCGA-E2-A14Z-01,4377,BRCA
TCGA-AC-A2FO-01,2225,BRCA
TCGA-C8-A26W-01,3915,BRCA
TCGA-A2-A0D0-01,1715,BRCA
TCGA-E2-A573-01,3882,BRCA
TCGA-B6-A0RS-01,870,BRCA
TCGA-E2-A153-01,754,BRCA
TCGA-E2-A152-01,772,BRCA
TCGA-GM-A2DC-01,5858,BRCA
TCGA-OL-A5RW-01,2887,BRCA
TCGA-OL-A66O-01,9091,BRCA
TCGA-AC-A2FG-01,2880,BRCA
TCGA-GM-A2DI-01,828,BRCA
TCGA-A2-A0YG-01,2474,BRCA
TCGA-BH-A2L8-01,1362,BRCA
TCGA-3C-AALJ-01,19095,BRCA
TCGA-A8-A095-01,2722,BRCA
TCGA-LD-A7W5-01,13105,BRCA
TCGA-BH-A1FN-01,2343,BRCA
TCGA-A8-A081-01,1764,BRCA
TCGA-GM-A2DH-01,6564,BRCA
TCGA-E2-A1L7-01,2722,BRCA
TCGA-E2-A1IE-01,3698,BRCA
TCGA-E2-A1B6-01,5177,BRCA
TCGA-S3-AA14-01,6692,BRCA
TCGA-C8-A1HM-01,4467,BRCA
TCGA-AC-A5EH-01,2361,BRCA
TCGA-BH-A0BT-01,4038,BRCA
TCGA-E2-A574-01,2040,BRCA
TCGA-BH-A0DK-01,442,BRCA
TCGA-AR-A1AH-01,4675,BRCA
TCGA-B6-A1KC-01,2542,BRCA
TCGA-A2-A0CK-01,7498,BRCA
TCGA-B6-A0IO-01,4715,BRCA
TCGA-AR-A1AS-01,1276,BRCA
TCGA-B6-A1KF-01,1536,BRCA
TCGA-D8-A4Z1-01,18742,BRCA
TCGA-BH-A1EO-01,604,BRCA
TCGA-AR-A1AT-01,1215,BRCA
TCGA-AN-A0AS-01,971,BRCA
TCGA-BH-A0DT-01,1339,BRCA
TCGA-B6-A3ZX-01,12035,BRCA
TCGA-A7-A0CE-01,1782,BRCA
TCGA-D8-A1JG-01,1480,BRCA
TCGA-A2-A0CL-01,7810,BRCA
TCGA-BH-A18F-01,1632,BRCA
TCGA-A2-A0D3-01,1983,BRCA
TCGA-AO-A03N-01,1042,BRCA
TCGA-C8-A12Y-01,2391,BRCA
TCGA-D8-A1XJ-01,1197,BRCA
TCGA-D8-A1JD-01,896,BRCA
TCGA-AR-A252-01,830,BRCA
TCGA-A2-A0CT-01,1329,BRCA
TCGA-LL-A440-01,14180,BRCA
TCGA-BH-A0EB-01,953,BRCA
TCGA-BH-A8FY-01,12296,BRCA
TCGA-A1-A0SP-01,719,BRCA
TCGA-BH-A0HP-01,857,BRCA
TCGA-B6-A0IE-01,3540,BRCA
TCGA-D8-A3Z5-01,20717,BRCA
TCGA-AC-A5XU-01,4838,BRCA
TCGA-A8-A09R-01,2349,BRCA
TCGA-A2-A3XV-01,1431,BRCA
TCGA-E9-A54X-01,4021,BRCA
TCGA-A7-A13F-01,967,BRCA
TCGA-BH-A1ES-06,5611,BRCA
TCGA-OL-A5RZ-01,11291,BRCA
TCGA-OL-A66J-01,6400,BRCA
TCGA-A8-A091-01,10265,BRCA
TCGA-A7-A3IZ-01,6826,BRCA
TCGA-E9-A22E-01,373,BRCA
TCGA-D8-A1XK-01,2266,BRCA
TCGA-AC-A2FB-01,1349,BRCA
TCGA-AC-A6IW-01,2447,BRCA
TCGA-BH-A0H5-01,2391,BRCA
TCGA-E2-A15A-06,3045,BRCA
TCGA-AC-A3W7-01,22395,BRCA
TCGA-BH-A0C7-01,3583,BRCA
TCGA-E2-A15M-01,1823,BRCA
TCGA-GM-A2DB-01,2683,BRCA
TCGA-A1-A0SM-01,2696,BRCA
TCGA-D8-A1Y3-01,2302,BRCA
TCGA-BH-A203-01,1522,BRCA
TCGA-D8-A1J9-01,1405,BRCA
TCGA-AC-A6IX-01,5737,BRCA
TCGA-A7-A0DB-01,16844,BRCA
TCGA-A7-A13D-01,25579,BRCA
TCGA-A7-A13E-01,21162,BRCA
TCGA-A7-A26E-01,2031,BRCA
TCGA-A7-A26J-01,30200,BRCA
TCGA-AC-A3QQ-01,3426,BRCA
TCGA-A7-A0DC-01,3606,BRCA
TCGA-A7-A13G-01,4309,BRCA
TCGA-A7-A26F-01,2048,BRCA
TCGA-A7-A26I-01,1753,BRCA
TCGA-AC-A2QH-01,2979,BRCA
TCGA-AC-A3OD-01,3473,BRCA
TCGA-06-0139-01,1697,GBM
TCGA-06-AABW-11,1842,GBM
TCGA-06-0675-11,1031,GBM
TCGA-06-0678-11,1241,GBM
TCGA-06-0680-11,954,GBM
TCGA-06-0681-11,1380,GBM
TCGA-06-A5U0-01,20848,GBM
TCGA-4W-AA9R-01,33674,GBM
TCGA-RR-A6KA-01,16783,GBM
TCGA-OX-A56R-01,11547,GBM
TCGA-RR-A6KC-01,4747,GBM
TCGA-4W-AA9T-01,22582,GBM
TCGA-06-A5U1-01,16635,GBM
TCGA-06-A6S1-01,12846,GBM
TCGA-26-A7UX-01,8693,GBM
TCGA-06-A7TL-01,9424,GBM
TCGA-4W-AA9S-01,11915,GBM
TCGA-19-A6J4-01,2774,GBM
TCGA-06-A6S0-01,8883,GBM
TCGA-06-A7TK-01,8725,GBM
TCGA-RR-A6KB-01,4472,GBM
TCGA-19-A60I-01,9315,GBM
TCGA-19-A6J5-01,7244,GBM
TCGA-02-0047-01,1308,GBM
TCGA-02-0055-01,1935,GBM
TCGA-02-2483-01,1867,GBM
TCGA-02-2485-01,3013,GBM
TCGA-02-2486-01,1344,GBM
TCGA-06-0125-01,7699,GBM
TCGA-06-0125-02,1023,GBM
TCGA-06-0129-01,13082,GBM
TCGA-06-0130-01,4737,GBM
TCGA-06-0132-01,688,GBM
TCGA-06-0138-01,2871,GBM
TCGA-06-0141-01,4264,GBM
TCGA-06-0152-02,4204,GBM
TCGA-06-0157-01,3453,GBM
TCGA-06-0158-01,6786,GBM
TCGA-06-0168-01,400,GBM
TCGA-06-0171-02,1980,GBM
TCGA-06-0174-01,1768,GBM
TCGA-06-0178-01,1104,GBM
TCGA-06-0184-01,1961,GBM
TCGA-06-0187-01,2123,GBM
TCGA-06-0190-01,2687,GBM
TCGA-06-0190-02,1900,GBM
TCGA-06-0210-01,3992,GBM
TCGA-06-0210-02,1827,GBM
TCGA-06-0211-02,2954,GBM
TCGA-06-0219-01,1168,GBM
TCGA-06-0221-02,5433,GBM
TCGA-06-0238-01,2025,GBM
TCGA-06-0644-01,1076,GBM
TCGA-06-0645-01,2239,GBM
TCGA-06-0646-01,5911,GBM
TCGA-06-0649-01,3653,GBM
TCGA-06-0686-01,1471,GBM
TCGA-06-0743-01,12613,GBM
TCGA-06-0744-01,10639,GBM
TCGA-06-0745-01,2140,GBM
TCGA-06-0747-01,4591,GBM
TCGA-06-0749-01,1680,GBM
TCGA-06-0750-01,3124,GBM
TCGA-06-0878-01,3127,GBM
TCGA-06-0882-01,2118,GBM
TCGA-06-1804-01,18159,GBM
TCGA-06-2557-01,8287,GBM
TCGA-06-2558-01,2948,GBM
TCGA-06-2559-01,8041,GBM
TCGA-06-2561-01,4957,GBM
TCGA-06-2562-01,4949,GBM
TCGA-06-2563-01,5689,GBM
TCGA-06-2564-01,4972,GBM
TCGA-06-2565-01,14470,GBM
TCGA-06-2567-01,3691,GBM
TCGA-06-2569-01,12431,GBM
TCGA-06-2570-01,8794,GBM
TCGA-06-5408-01,1644,GBM
TCGA-06-5410-01,1274,GBM
TCGA-06-5411-01,1382,GBM
TCGA-06-5412-01,1151,GBM
TCGA-06-5413-01,1508,GBM
TCGA-06-5414-01,1642,GBM
TCGA-06-5415-01,4092,GBM
TCGA-06-5416-01,1604,GBM
TCGA-06-5417-01,790,GBM
TCGA-06-5418-01,3618,GBM
TCGA-06-5856-01,2195,GBM
TCGA-06-5858-01,1560,GBM
TCGA-06-5859-01,1846,GBM
TCGA-08-0386-01,5186,GBM
TCGA-12-0616-01,1784,GBM
TCGA-12-0618-01,7237,GBM
TCGA-12-0619-01,6313,GBM
TCGA-12-0821-01,1817,GBM
TCGA-12-1597-01,1190,GBM
TCGA-12-3650-01,1281,GBM
TCGA-12-3652-01,1522,GBM
TCGA-12-3653-01,1927,GBM
TCGA-12-5295-01,1052,GBM
TCGA-12-5299-01,1422,GBM
TCGA-14-0736-02,722,GBM
TCGA-14-0781-01,1633,GBM
TCGA-14-0787-01,2974,GBM
TCGA-14-0789-01,1596,GBM
TCGA-14-0790-01,3083,GBM
TCGA-14-0817-01,2272,GBM
TCGA-14-0871-01,4507,GBM
TCGA-14-1034-01,994,GBM
TCGA-14-1034-02,3168,GBM
TCGA-14-1402-02,2495,GBM
TCGA-14-1823-01,1753,GBM
TCGA-14-1825-01,741,GBM
TCGA-14-1829-01,1049,GBM
TCGA-14-2554-01,1249,GBM
TCGA-15-0742-01,6130,GBM
TCGA-15-1444-01,2151,GBM
TCGA-16-0846-01,2283,GBM
TCGA-16-1045-01,3443,GBM
TCGA-19-0957-02,1235,GBM
TCGA-19-1389-02,1414,GBM
TCGA-19-1390-01,8960,GBM
TCGA-19-1787-01,2445,GBM
TCGA-19-2619-01,4886,GBM
TCGA-19-2620-01,2555,GBM
TCGA-19-2624-01,27233,GBM
TCGA-19-2625-01,5784,GBM
TCGA-19-2629-01,1253,GBM
TCGA-19-4065-01,4533,GBM
TCGA-19-4065-02,1940,GBM
TCGA-19-5960-01,4484,GBM
TCGA-26-1442-01,4631,GBM
TCGA-26-5132-01,3110,GBM
TCGA-26-5133-01,1736,GBM
TCGA-26-5134-01,3426,GBM
TCGA-26-5135-01,2702,GBM
TCGA-26-5136-01,6225,GBM
TCGA-26-5139-01,1648,GBM
TCGA-27-1830-01,5707,GBM
TCGA-27-1831-01,1055,GBM
TCGA-27-1832-01,4664,GBM
TCGA-27-1834-01,3426,GBM
TCGA-27-1835-01,7582,GBM
TCGA-27-1837-01,1923,GBM
TCGA-27-2519-01,1421,GBM
TCGA-27-2521-01,2517,GBM
TCGA-27-2523-01,2300,GBM
TCGA-27-2524-01,1006,GBM
TCGA-27-2526-01,694,GBM
TCGA-27-2528-01,1188,GBM
TCGA-28-1747-01,2611,GBM
TCGA-28-1753-01,2506,GBM
TCGA-28-2499-01,2144,GBM
TCGA-28-2509-01,1113,GBM
TCGA-28-2510-01,2674,GBM
TCGA-28-2513-01,1075,GBM
TCGA-28-2514-01,2534,GBM
TCGA-28-5204-01,1227,GBM
TCGA-28-5207-01,1757,GBM
TCGA-28-5208-01,1267,GBM
TCGA-28-5209-01,1617,GBM
TCGA-28-5213-01,839,GBM
TCGA-28-5215-01,1560,GBM
TCGA-28-5216-01,1044,GBM
TCGA-28-5218-01,1207,GBM
TCGA-28-5220-01,1047,GBM
TCGA-32-1970-01,7437,GBM
TCGA-32-1980-01,1806,GBM
TCGA-32-1982-01,5048,GBM
TCGA-32-2615-01,5834,GBM
TCGA-32-2616-01,1858,GBM
TCGA-32-2632-01,1975,GBM
TCGA-32-2634-01,4297,GBM
TCGA-32-2638-01,5444,GBM
TCGA-32-4213-01,791,GBM
TCGA-32-5222-01,1179,GBM
TCGA-41-2571-01,5857,GBM
TCGA-41-2572-01,5095,GBM
TCGA-41-3915-01,3262,GBM
TCGA-41-4097-01,2782,GBM
TCGA-41-5651-01,3085,GBM
TCGA-76-4925-01,2010,GBM
TCGA-76-4926-01,1903,GBM
TCGA-76-4927-01,940,GBM
TCGA-76-4928-01,2611,GBM
TCGA-76-4929-01,1881,GBM
TCGA-76-4931-01,9173,GBM
TCGA-76-4932-01,1273,GBM
TCGA-06-0156-01,4216,GBM
TCGA-06-0211-01,3683,GBM
TCGA-2Y-A9H6-01,8480,LIHC
TCGA-DD-AAD6-01,10720,LIHC
TCGA-CC-A7IG-01,6259,LIHC
TCGA-DD-AACT-01,2017,LIHC
TCGA-G3-A5SL-01,1485,LIHC
TCGA-DD-AACE-01,2664,LIHC
TCGA-ED-A4XI-01,2761,LIHC
TCGA-G3-A7M7-01,1280,LIHC
TCGA-EP-A3JL-01,2795,LIHC
TCGA-EP-A2KB-01,3507,LIHC
TCGA-BC-4072-01,4808,LIHC
TCGA-CC-A7II-01,9364,LIHC
TCGA-DD-AAEK-01,1312,LIHC
TCGA-DD-AACB-01,2355,LIHC
TCGA-ED-A8O5-01,3329,LIHC
TCGA-CC-5264-01,2075,LIHC
TCGA-DD-AAE9-01,2472,LIHC
TCGA-RC-A7SF-01,5588,LIHC
TCGA-NI-A8LF-01,3022,LIHC
TCGA-DD-AACS-01,4395,LIHC
TCGA-HP-A5N0-01,1557,LIHC
TCGA-CC-5260-01,4176,LIHC
TCGA-G3-A25X-01,1540,LIHC
TCGA-DD-A4NG-01,5041,LIHC
TCGA-UB-A7MF-01,4176,LIHC
TCGA-DD-AACO-01,768,LIHC
TCGA-CC-5263-01,3627,LIHC
TCGA-ZP-A9D2-01,7687,LIHC
TCGA-DD-A4NQ-01,5650,LIHC
TCGA-NI-A4U2-01,3192,LIHC
TCGA-ED-A97K-01,19512,LIHC
TCGA-DD-A4NB-01,2131,LIHC
TCGA-DD-A4NK-01,7255,LIHC
TCGA-DD-A4NF-01,1498,LIHC
TCGA-ZS-A9CG-01,1010,LIHC
TCGA-EP-A3RK-01,2956,LIHC
TCGA-ED-A7XO-01,1745,LIHC
TCGA-DD-A39X-01,942,LIHC
TCGA-WX-AA46-01,574,LIHC
TCGA-FV-A3I1-01,1495,LIHC
TCGA-DD-A1EK-01,773,LIHC
TCGA-DD-A4NJ-01,14992,LIHC
TCGA-G3-A7M8-01,1001,LIHC
TCGA-2Y-A9H7-01,2162,LIHC
TCGA-CC-A3MC-01,1792,LIHC
TCGA-BC-A10Q-01,2685,LIHC
TCGA-MI-A75E-01,952,LIHC
TCGA-DD-A118-01,1309,LIHC
TCGA-DD-AAVY-01,3711,LIHC
TCGA-DD-AACK-01,1879,LIHC
TCGA-DD-AAE2-01,1857,LIHC
TCGA-BD-A3EP-01,3433,LIHC
TCGA-KR-A7K2-01,5811,LIHC
TCGA-WJ-A86L-01,10354,LIHC
TCGA-XR-A8TF-01,9724,LIHC
TCGA-KR-A7K8-01,2634,LIHC
TCGA-DD-A1ED-01,386,LIHC
TCGA-G3-AAV3-01,3111,LIHC
TCGA-2Y-A9H5-01,6553,LIHC
TCGA-DD-AAE7-01,918,LIHC
TCGA-BC-A216-01,5865,LIHC
TCGA-ED-A459-01,4296,LIHC
TCGA-DD-AADV-01,2854,LIHC
TCGA-DD-AADF-01,3880,LIHC
TCGA-DD-A4NP-01,1718,LIHC
TCGA-FV-A4ZP-01,1568,LIHC
TCGA-DD-AADM-01,603,LIHC
TCGA-T1-A6J8-01,1032,LIHC
TCGA-DD-A39Z-01,760,LIHC
TCGA-2Y-A9H8-01,5468,LIHC
TCGA-DD-A113-01,3394,LIHC
TCGA-DD-AAD2-01,1695,LIHC
TCGA-G3-AAV7-01,6261,LIHC
TCGA-CC-A8HT-01,9636,LIHC
TCGA-G3-A3CK-01,861,LIHC
TCGA-DD-A11A-01,1468,LIHC
TCGA-CC-A8HV-01,25341,LIHC
TCGA-G3-AAV4-01,2309,LIHC
TCGA-BC-A10Z-01,2134,LIHC
TCGA-BW-A5NO-01,2598,LIHC
TCGA-DD-A73D-01,3461,LIHC
TCGA-RC-A7SK-01,5612,LIHC
TCGA-DD-AADA-01,4515,LIHC
TCGA-ZS-A9CD-01,2097,LIHC
TCGA-DD-A4NN-01,8293,LIHC
TCGA-DD-AAEB-01,3183,LIHC
TCGA-DD-A3A4-01,549,LIHC
TCGA-DD-AAW2-01,934,LIHC
TCGA-ZS-A9CF-02,8384,LIHC
TCGA-DD-AAC8-01,2374,LIHC
TCGA-DD-A119-01,509,LIHC
TCGA-DD-A3A3-01,662,LIHC
TCGA-BC-A10U-01,3772,LIHC
TCGA-BD-A3ER-01,1480,LIHC
TCGA-DD-AAVV-01,2897,LIHC
TCGA-G3-A25S-01,2881,LIHC
TCGA-CC-A123-01,440,LIHC
TCGA-UB-AA0U-01,4794,LIHC
TCGA-DD-AACU-01,2408,LIHC
TCGA-DD-AACQ-01,4781,LIHC
TCGA-BC-A110-01,716,LIHC
TCGA-PD-A5DF-01,2822,LIHC
TCGA-DD-A3A8-01,1325,LIHC
TCGA-DD-AAC9-01,539,LIHC
TCGA-DD-A4NI-01,3428,LIHC
TCGA-5C-AAPD-01,2472,LIHC
TCGA-MI-A75I-01,2935,LIHC
TCGA-K7-A6G5-01,1063,LIHC
TCGA-LG-A9QD-01,1648,LIHC
TCGA-EP-A2KC-01,11874,LIHC
TCGA-DD-AADD-01,4836,LIHC
TCGA-FV-A4ZQ-01,2837,LIHC
TCGA-BC-A5W4-01,1151,LIHC
TCGA-ED-A82E-01,5527,LIHC
TCGA-FV-A3I0-01,844,LIHC
TCGA-BC-A3KG-01,8245,LIHC
TCGA-FV-A23B-01,5594,LIHC
TCGA-FV-A2QR-01,1649,LIHC
TCGA-FV-A3R2-01,2458,LIHC
TCGA-DD-A1EL-01,2622,LIHC
TCGA-DD-A3A1-01,1344,LIHC
TCGA-DD-AACA-01,1987,LIHC
TCGA-DD-A1EA-01,2345,LIHC
TCGA-DD-A73B-01,1478,LIHC
TCGA-2V-A95S-01,9348,LIHC
TCGA-DD-AADL-01,6211,LIHC
TCGA-CC-5258-01,2833,LIHC
TCGA-EP-A12J-01,2072,LIHC
TCGA-2Y-A9H4-01,3781,LIHC
TCGA-DD-A3A7-01,1008,LIHC
TCGA-DD-AAEH-01,1486,LIHC
TCGA-DD-A4NA-01,7992,LIHC
TCGA-FV-A496-01,3272,LIHC
TCGA-MI-A75H-01,1218,LIHC
TCGA-CC-5262-01,977,LIHC
TCGA-DD-AAE3-01,902,LIHC
TCGA-CC-A9FU-01,6014,LIHC
TCGA-ED-A5KG-01,5267,LIHC
TCGA-DD-AAEE-01,4274,LIHC
TCGA-G3-AAV2-01,3805,LIHC
TCGA-MI-A75G-01,1375,LIHC
TCGA-DD-A1EF-01,6554,LIHC
TCGA-DD-A11D-01,849,LIHC
TCGA-5R-AA1C-01,1126,LIHC
TCGA-GJ-A3OU-01,2552,LIHC
TCGA-DD-A3A6-01,4195,LIHC
TCGA-DD-AADC-01,13696,LIHC
TCGA-G3-A5SK-01,2948,LIHC
TCGA-GJ-A9DB-01,9651,LIHC
TCGA-CC-A1HT-01,5395,LIHC
TCGA-DD-AACI-01,1814,LIHC
TCGA-DD-A114-01,1725,LIHC
TCGA-DD-AADW-01,12255,LIHC
TCGA-DD-A116-01,1216,LIHC
TCGA-DD-AACW-01,3886,LIHC
TCGA-2Y-A9GW-01,5070,LIHC
TCGA-RG-A7D4-01,3193,LIHC
TCGA-ZP-A9D0-01,2516,LIHC
TCGA-DD-AADP-01,2336,LIHC
TCGA-DD-AAD5-01,8615,LIHC
TCGA-RC-A7SH-01,8605,LIHC
TCGA-DD-AAD8-01,16904,LIHC
TCGA-DD-A39W-01,1224,LIHC
TCGA-2Y-A9GU-01,8222,LIHC
TCGA-DD-AAVP-01,2131,LIHC
TCGA-CC-A9FV-01,3657,LIHC
TCGA-DD-AAEG-01,2402,LIHC
TCGA-DD-AAW0-01,1293,LIHC
TCGA-WX-AA47-01,3681,LIHC
TCGA-DD-AAVX-01,929,LIHC
TCGA-BC-A10S-01,857,LIHC
TCGA-G3-A3CJ-01,196,LIHC
TCGA-DD-AACP-01,4857,LIHC
TCGA-DD-A4NR-01,11533,LIHC
TCGA-DD-A39Y-01,1231,LIHC
TCGA-FV-A495-01,2737,LIHC
TCGA-2Y-A9H0-01,1665,LIHC
TCGA-DD-AACG-01,1084,LIHC
TCGA-2Y-A9GS-01,4974,LIHC
TCGA-BC-4073-01,1185,LIHC
TCGA-G3-A7M9-01,14286,LIHC
TCGA-RC-A6M6-01,7724,LIHC
TCGA-CC-A7IH-01,4212,LIHC
TCGA-DD-A4NH-01,12623,LIHC
TCGA-DD-AAE6-01,3159,LIHC
TCGA-WX-AA44-01,5215,LIHC
TCGA-YA-A8S7-01,9059,LIHC
TCGA-ED-A7PZ-01,4032,LIHC
TCGA-DD-AAE0-01,6256,LIHC
TCGA-DD-A4NO-01,4298,LIHC
TCGA-CC-A3MA-01,3880,LIHC
TCGA-UB-A7MC-01,7853,LIHC
TCGA-ZP-A9CV-01,2078,LIHC
TCGA-BD-A2L6-01,1522,LIHC
TCGA-GJ-A6C0-01,4296,LIHC
TCGA-DD-AAW1-01,1803,LIHC
TCGA-DD-AADB-01,2713,LIHC
TCGA-RC-A7S9-01,6097,LIHC
TCGA-UB-A7MD-01,1804,LIHC
TCGA-2Y-A9HA-01,3779,LIHC
TCGA-ZP-A9D1-01,4416,LIHC
TCGA-BW-A5NQ-01,1664,LIHC
TCGA-CC-A8HU-01,8992,LIHC
TCGA-BC-A3KF-01,4784,LIHC
TCGA-BC-A69I-01,1045,LIHC
TCGA-XR-A8TG-01,5787,LIHC
TCGA-ZP-A9CZ-01,2986,LIHC
TCGA-DD-A1EC-01,1666,LIHC
TCGA-ED-A8O6-01,6246,LIHC
TCGA-G3-A3CH-01,2294,LIHC
TCGA-XR-A8TC-01,6577,LIHC
TCGA-EP-A26S-01,1802,LIHC
TCGA-LG-A9QC-01,6179,LIHC
TCGA-DD-AACD-01,1111,LIHC
TCGA-BC-A217-01,9051,LIHC
TCGA-5C-A9VH-01,9336,LIHC
TCGA-G3-A25Z-01,946,LIHC
TCGA-LG-A6GG-01,2953,LIHC
TCGA-DD-AADO-01,1818,LIHC
TCGA-2Y-A9H1-01,1136,LIHC
TCGA-BC-A10Y-01,4541,LIHC
TCGA-G3-A5SI-01,1412,LIHC
TCGA-DD-AACL-01,3600,LIHC
TCGA-XR-A8TD-01,4441,LIHC
TCGA-DD-A11C-01,1923,LIHC
TCGA-KR-A7K0-01,8143,LIHC
TCGA-MR-A520-01,550,LIHC
TCGA-K7-AAU7-01,11917,LIHC
TCGA-DD-A73F-01,1603,LIHC
TCGA-DD-AACH-01,7998,LIHC
TCGA-CC-5259-01,349,LIHC
TCGA-CC-A5UE-01,3734,LIHC
TCGA-DD-AADU-01,3400,LIHC
TCGA-DD-AAW3-01,2132,LIHC
TCGA-G3-AAV5-01,2308,LIHC
TCGA-CC-A7IL-01,1669,LIHC
TCGA-DD-AAE4-01,602,LIHC
TCGA-2Y-A9GT-01,8928,LIHC
TCGA-CC-A3M9-01,4459,LIHC
TCGA-2Y-A9GY-01,4100,LIHC
TCGA-DD-A39V-01,1952,LIHC
TCGA-BC-A112-01,3506,LIHC
TCGA-4R-AA8I-01,3730,LIHC
TCGA-DD-AACY-01,3234,LIHC
TCGA-UB-A7ME-01,4092,LIHC
TCGA-FV-A3R3-01,684,LIHC
TCGA-G3-A25Y-01,5881,LIHC
TCGA-DD-A4NV-01,5291,LIHC
TCGA-DD-A1EG-01,1472,LIHC
TCGA-ED-A7PX-01,3438,LIHC
TCGA-CC-5261-01,4043,LIHC
TCGA-CC-A5UC-01,2067,LIHC
TCGA-DD-A4NE-01,3904,LIHC
TCGA-RC-A6M5-01,1119,LIHC
TCGA-DD-A1EH-01,1621,LIHC
TCGA-CC-A7IF-01,9961,LIHC
TCGA-G3-AAV0-01,2549,LIHC
TCGA-BC-A69H-01,1020,LIHC
TCGA-G3-A5SM-01,1986,LIHC
TCGA-DD-AAED-01,11829,LIHC
TCGA-5R-AA1D-01,888,LIHC
TCGA-DD-AACV-01,4906,LIHC
TCGA-CC-A5UD-01,3780,LIHC
TCGA-BC-A10R-01,998,LIHC
TCGA-CC-A9FS-01,3395,LIHC
TCGA-BW-A5NP-01,2823,LIHC
TCGA-DD-AAVQ-01,6424,LIHC
TCGA-DD-AACN-01,5769,LIHC
TCGA-DD-AAD1-01,4272,LIHC
TCGA-DD-AADJ-01,633,LIHC
TCGA-RC-A7SB-01,1994,LIHC
TCGA-ZS-A9CE-01,868,LIHC
TCGA-DD-AAD0-01,5613,LIHC
TCGA-ZP-A9D4-01,4105,LIHC
TCGA-K7-A5RF-01,254,LIHC
TCGA-BC-A10W-01,1697,LIHC
TCGA-DD-AADS-01,982,LIHC
TCGA-G3-A3CI-01,1263,LIHC
TCGA-CC-A7IK-01,2461,LIHC
TCGA-BC-A10T-01,1316,LIHC
TCGA-DD-A3A2-01,807,LIHC
TCGA-DD-AADK-01,4352,LIHC
TCGA-DD-A1EE-01,2287,LIHC
TCGA-ZS-A9CF-01,11230,LIHC
TCGA-DD-AAEI-01,970,LIHC
TCGA-3K-AAZ8-01,2372,LIHC
TCGA-DD-AAVZ-01,3467,LIHC
TCGA-O8-A75V-01,549,LIHC
TCGA-DD-AADY-01,1906,LIHC
TCGA-K7-A5RG-01,5952,LIHC
TCGA-2Y-A9H3-01,3174,LIHC
TCGA-G3-A7M6-01,21325,LIHC
TCGA-G3-A25V-01,2003,LIHC
TCGA-DD-A4ND-01,8382,LIHC
TCGA-G3-A3CG-01,2163,LIHC
TCGA-DD-A73A-01,2669,LIHC
TCGA-2Y-A9GZ-01,6634,LIHC
TCGA-DD-A73G-01,1493,LIHC
TCGA-CC-A7IE-01,3598,LIHC
TCGA-DD-AAVS-01,2147,LIHC
TCGA-DD-A73C-01,439,LIHC
TCGA-DD-AA3A-01,17440,LIHC
TCGA-DD-AAD3-01,1489,LIHC
TCGA-FV-A2QQ-01,2707,LIHC
TCGA-2Y-A9H9-01,8687,LIHC
TCGA-ED-A66Y-01,9790,LIHC
TCGA-DD-A11B-01,1365,LIHC
TCGA-BC-A10X-01,174,LIHC
TCGA-DD-AAVW-01,3035,LIHC
TCGA-ED-A7XP-01,3948,LIHC
TCGA-DD-AADG-01,2851,LIHC
TCGA-DD-A4NL-01,1696,LIHC
TCGA-G3-A6UC-01,8236,LIHC
TCGA-CC-A7IJ-01,4973,LIHC
TCGA-2Y-A9H2-01,19018,LIHC
TCGA-DD-A1EI-01,1875,LIHC
TCGA-DD-AADN-01,1332,LIHC
TCGA-UB-AA0V-01,1188,LIHC
TCGA-G3-A5SJ-01,6123,LIHC
TCGA-UB-A7MB-01,6585,LIHC
TCGA-CC-A3MB-01,6820,LIHC
TCGA-ED-A7PY-01,5513,LIHC
TCGA-5R-AAAM-01,513,LIHC
TCGA-ED-A66X-01,6231,LIHC
TCGA-G3-A25U-01,3507,LIHC
TCGA-DD-AACJ-01,1163,LIHC
TCGA-DD-A3A5-01,1436,LIHC
TCGA-UB-A7MA-01,11793,LIHC
TCGA-WQ-A9G7-01,13162,LIHC
TCGA-WQ-AB4B-01,2749,LIHC
TCGA-G3-A7M5-01,3430,LIHC
TCGA-DD-A115-01,858,LIHC
TCGA-DD-A1EB-01,1059,LIHC
TCGA-DD-AACC-01,1333,LIHC
TCGA-DD-AACZ-01,4524,LIHC
TCGA-DD-AADQ-01,2423,LIHC
TCGA-CC-A9FW-01,4219,LIHC
TCGA-XR-A8TE-01,8246,LIHC
TCGA-DD-AAE1-01,4706,LIHC
TCGA-2Y-A9GV-01,6276,LIHC
TCGA-5C-A9VG-01,5746,LIHC
TCGA-DD-AAVR-01,1802,LIHC
TCGA-BC-A8YO-01,8336,LIHC
TCGA-G3-AAV1-01,4241,LIHC
TCGA-DD-AAEA-01,5597,LIHC
TCGA-QA-A7B7-01,6928,LIHC
TCGA-DD-A4NS-01,11070,LIHC
TCGA-HP-A5MZ-01,2972,LIHC
TCGA-ED-A627-01,1534,LIHC
TCGA-MR-A8JO-01,5347,LIHC
TCGA-2Y-A9GX-01,4126,LIHC
TCGA-DD-AACF-01,2981,LIHC
TCGA-DD-AACX-01,2548,LIHC
TCGA-DD-A73E-01,2166,LIHC
TCGA-KR-A7K7-01,2659,LIHC
TCGA-DD-A1EJ-01,2140,LIHC
TCGA-CC-A8HS-01,22615,LIHC
TCGA-G3-AAV6-01,3850,LIHC
TCGA-G3-AAUZ-01,871,LIHC
TCGA-MI-A75C-01,5477,LIHC
TCGA-DD-AAVU-01,2481,LIHC
TCGA-ZP-A9CY-01,1754,LIHC
TCGA-EP-A2KA-01,3795,LIHC
TCGA-DD-AADI-01,1397,LIHC
TCGA-RC-A6M4-01,1959,LIHC
TCGA-RC-A6M3-01,15836,LIHC
TCGA-DD-AADR-01,843,LIHC
TCGA-2Y-A9HB-01,3692,LIHC
TCGA-DD-A3A9-01,1578,LIHC
TCGA-G3-A25T-01,3713,LIHC
TCGA-ES-A2HT-01,470,LIHC
TCGA-ES-A2HS-01,1640,LIHC
TCGA-DD-AACA-02,5600,LIHC
TCGA-2J-AAB1-01,1500,PAAD
TCGA-2J-AAB4-01,5230,PAAD
TCGA-2J-AAB6-01,2317,PAAD
TCGA-2J-AAB8-01,5414,PAAD
TCGA-2J-AAB9-01,1003,PAAD
TCGA-2J-AABA-01,3280,PAAD
TCGA-2J-AABE-01,3666,PAAD
TCGA-2J-AABF-01,4421,PAAD
TCGA-2J-AABH-01,3723,PAAD
TCGA-2J-AABI-01,2670,PAAD
TCGA-2J-AABK-01,5353,PAAD
TCGA-2J-AABO-01,1978,PAAD
TCGA-2J-AABP-01,1958,PAAD
TCGA-2J-AABR-01,1860,PAAD
TCGA-2J-AABT-01,2204,PAAD
TCGA-2J-AABU-01,1817,PAAD
TCGA-2J-AABV-01,189,PAAD
TCGA-2L-AAQA-01,12098,PAAD
TCGA-2L-AAQE-01,1437,PAAD
TCGA-2L-AAQI-01,2402,PAAD
TCGA-2L-AAQJ-01,1504,PAAD
TCGA-2L-AAQL-01,1785,PAAD
TCGA-2L-AAQM-01,5315,PAAD
TCGA-3A-A9I5-01,1716,PAAD
TCGA-3A-A9I7-01,2472,PAAD
TCGA-3A-A9I9-01,3425,PAAD
TCGA-3A-A9IB-01,2827,PAAD
TCGA-3A-A9IC-01,3716,PAAD
TCGA-3A-A9IH-01,1637,PAAD
TCGA-3A-A9IJ-01,3104,PAAD
TCGA-3A-A9IL-01,7001,PAAD
TCGA-3A-A9IN-01,6258,PAAD
TCGA-3A-A9IO-01,3218,PAAD
TCGA-3A-A9IR-01,7211,PAAD
TCGA-3A-A9IS-01,5682,PAAD
TCGA-3A-A9IU-01,3598,PAAD
TCGA-3A-A9IV-01,2938,PAAD
TCGA-3A-A9IX-01,1236,PAAD
TCGA-3A-A9IZ-01,1973,PAAD
TCGA-3A-A9J0-01,2962,PAAD
TCGA-3E-AAAY-01,6223,PAAD
TCGA-3E-AAAZ-01,3072,PAAD
TCGA-F2-6879-01,1303,PAAD
TCGA-F2-6880-01,209,PAAD
TCGA-F2-7273-01,1019,PAAD
TCGA-F2-7276-01,982,PAAD
TCGA-F2-A44G-01,4085,PAAD
TCGA-F2-A44H-01,1405,PAAD
TCGA-F2-A7TX-01,520,PAAD
TCGA-F2-A8YN-01,2600,PAAD
TCGA-FB-A4P5-01,2826,PAAD
TCGA-FB-A4P6-01,4648,PAAD
TCGA-FB-A545-01,7934,PAAD
TCGA-FB-A5VM-01,1358,PAAD
TCGA-FB-A78T-01,12470,PAAD
TCGA-FB-A7DR-01,2159,PAAD
TCGA-FB-AAPP-01,3517,PAAD
TCGA-FB-AAPQ-01,5637,PAAD
TCGA-FB-AAPS-01,4395,PAAD
TCGA-FB-AAPU-01,6746,PAAD
TCGA-FB-AAPY-01,5347,PAAD
TCGA-FB-AAPZ-01,4092,PAAD
TCGA-FB-AAQ0-01,12149,PAAD
TCGA-FB-AAQ1-01,3874,PAAD
TCGA-FB-AAQ2-01,2061,PAAD
TCGA-FB-AAQ3-01,2462,PAAD
TCGA-FB-AAQ6-01,3039,PAAD
TCGA-H6-8124-01,2787,PAAD
TCGA-H6-8124-11,1897,PAAD
TCGA-H6-A45N-01,5160,PAAD
TCGA-H6-A45N-11,18209,PAAD
TCGA-H8-A6C1-01,8666,PAAD
TCGA-HV-A5A3-01,9842,PAAD
TCGA-HV-A5A3-11,3449,PAAD
TCGA-HV-A5A4-01,6370,PAAD
TCGA-HV-A5A5-01,1924,PAAD
TCGA-HV-A5A6-01,4653,PAAD
TCGA-HV-A7OL-01,2014,PAAD
TCGA-HV-A7OP-01,796,PAAD
TCGA-HV-AA8V-01,5044,PAAD
TCGA-HV-AA8X-01,2427,PAAD
TCGA-HZ-7289-01,863,PAAD
TCGA-HZ-7918-01,471,PAAD
TCGA-HZ-7919-01,2228,PAAD
TCGA-HZ-7920-01,1867,PAAD
TCGA-HZ-7922-01,708,PAAD
TCGA-HZ-7923-01,3889,PAAD
TCGA-HZ-7924-01,1776,PAAD
TCGA-HZ-7925-01,2070,PAAD
TCGA-HZ-7926-01,1752,PAAD
TCGA-HZ-8001-01,1203,PAAD
TCGA-HZ-8002-01,1267,PAAD
TCGA-HZ-8003-01,578,PAAD
TCGA-HZ-8005-01,1129,PAAD
TCGA-HZ-8315-01,3978,PAAD
TCGA-HZ-8317-01,661,PAAD
TCGA-HZ-8519-01,1653,PAAD
TCGA-HZ-8636-01,3469,PAAD
TCGA-HZ-8637-01,3628,PAAD
TCGA-HZ-8638-01,3207,PAAD
TCGA-HZ-A49G-01,4870,PAAD
TCGA-HZ-A49H-01,2131,PAAD
TCGA-HZ-A49I-01,6617,PAAD
TCGA-HZ-A4BH-01,4073,PAAD
TCGA-HZ-A4BK-01,2287,PAAD
TCGA-HZ-A77O-01,773,PAAD
TCGA-HZ-A77P-01,2015,PAAD
TCGA-HZ-A77Q-01,1917,PAAD
TCGA-HZ-A8P0-01,5480,PAAD
TCGA-HZ-A8P1-01,7426,PAAD
TCGA-HZ-A9TJ-01,4332,PAAD
TCGA-HZ-A9TJ-06,5263,PAAD
TCGA-IB-7644-01,1235,PAAD
TCGA-IB-7645-01,1404,PAAD
TCGA-IB-7646-01,1095,PAAD
TCGA-IB-7647-01,753,PAAD
TCGA-IB-7649-01,448,PAAD
TCGA-IB-7651-01,1640,PAAD
TCGA-IB-7652-01,1336,PAAD
TCGA-IB-7654-01,1088,PAAD
TCGA-IB-7885-01,1331,PAAD
TCGA-IB-7886-01,2248,PAAD
TCGA-IB-7887-01,1301,PAAD
TCGA-IB-7888-01,1103,PAAD
TCGA-IB-7889-01,1195,PAAD
TCGA-IB-7890-01,645,PAAD
TCGA-IB-7891-01,509,PAAD
TCGA-IB-7893-01,750,PAAD
TCGA-IB-7897-01,2663,PAAD
TCGA-IB-8126-01,664,PAAD
TCGA-IB-8127-01,2794,PAAD
TCGA-IB-A5SO-01,6572,PAAD
TCGA-IB-A5SP-01,1249,PAAD
TCGA-IB-A5SQ-01,1370,PAAD
TCGA-IB-A5SS-01,836,PAAD
TCGA-IB-A5ST-01,2589,PAAD
TCGA-IB-A6UF-01,3614,PAAD
TCGA-IB-A6UG-01,3131,PAAD
TCGA-IB-A7LX-01,14257,PAAD
TCGA-IB-A7M4-01,2159,PAAD
TCGA-IB-AAUM-01,1188,PAAD
TCGA-IB-AAUN-01,2235,PAAD
TCGA-IB-AAUO-01,7968,PAAD
TCGA-IB-AAUP-01,4868,PAAD
TCGA-IB-AAUQ-01,2741,PAAD
TCGA-IB-AAUR-01,6934,PAAD
TCGA-IB-AAUS-01,2318,PAAD
TCGA-IB-AAUT-01,2429,PAAD
TCGA-IB-AAUU-01,3230,PAAD
TCGA-IB-AAUV-01,2457,PAAD
TCGA-IB-AAUW-01,2436,PAAD
TCGA-L1-A7W4-01,5934,PAAD
TCGA-LB-A7SX-01,5955,PAAD
TCGA-LB-A8F3-01,2402,PAAD
TCGA-LB-A9Q5-01,656,PAAD
TCGA-M8-A5N4-01,6706,PAAD
TCGA-OE-A75W-01,5755,PAAD
TCGA-PZ-A5RE-01,1823,PAAD
TCGA-Q3-A5QY-01,3831,PAAD
TCGA-Q3-AA2A-01,9774,PAAD
TCGA-RB-A7B8-01,6999,PAAD
TCGA-RB-AA9M-01,2370,PAAD
TCGA-RL-AAAS-01,1215,PAAD
TCGA-S4-A8RM-01,11486,PAAD
TCGA-S4-A8RO-01,2815,PAAD
TCGA-S4-A8RP-01,8118,PAAD
TCGA-US-A774-01,1034,PAAD
TCGA-US-A776-01,5366,PAAD
TCGA-US-A779-01,3727,PAAD
TCGA-US-A77E-01,4903,PAAD
TCGA-US-A77G-01,2713,PAAD
TCGA-US-A77J-01,1817,PAAD
TCGA-XD-AAUG-01,2163,PAAD
TCGA-XD-AAUH-01,3209,PAAD
TCGA-XD-AAUI-01,5156,PAAD
TCGA-XD-AAUL-01,2782,PAAD
TCGA-XN-A8T3-01,3059,PAAD
TCGA-XN-A8T5-01,3440,PAAD
TCGA-YB-A89D-01,2572,PAAD
TCGA-YB-A89D-11,2386,PAAD
TCGA-YH-A8SY-01,3404,PAAD
TCGA-YY-A8LH-01,5872,PAAD
TCGA-Z5-AAPL-01,13399,PAAD
TCGA-VQ-A91Y-01,12742,STAD
TCGA-VQ-A8DT-01,1214,STAD
TCGA-VQ-A91D-01,15449,STAD
TCGA-IN-A6RO-01,10151,STAD
TCGA-VQ-A91K-01,6132,STAD
TCGA-IN-A6RS-01,7216,STAD
TCGA-VQ-AA68-01,7742,STAD
TCGA-RD-A8NB-01,4947,STAD
TCGA-VQ-A91V-01,9425,STAD
TCGA-CD-A48A-01,5964,STAD
TCGA-VQ-A927-01,12610,STAD
TCGA-RD-A7BW-01,2328,STAD
TCGA-F1-A72C-01,6005,STAD
TCGA-VQ-A94O-01,12143,STAD
TCGA-IN-A6RJ-01,5811,STAD
TCGA-VQ-A8E3-01,4437,STAD
TCGA-VQ-A8PP-01,8204,STAD
TCGA-RD-A7BT-01,10506,STAD
TCGA-R5-A7ZI-01,3792,STAD
TCGA-KB-A93J-01,6964,STAD
TCGA-VQ-A8P8-01,4041,STAD
TCGA-RD-A7BS-01,3824,STAD
TCGA-B7-A5TN-01,6046,STAD
TCGA-VQ-A924-01,8808,STAD
TCGA-VQ-A8PD-01,20254,STAD
TCGA-VQ-A91S-01,12929,STAD
TCGA-IN-AB1V-01,19697,STAD
TCGA-SW-A7EB-01,7171,STAD
TCGA-VQ-AA64-01,10031,STAD
TCGA-D7-A747-01,2774,STAD
TCGA-ZQ-A9CR-01,4799,STAD
TCGA-VQ-A8PE-01,16644,STAD
TCGA-BR-6453-01,1766,STAD
TCGA-RD-A8N4-01,4888,STAD
TCGA-R5-A7ZR-01,2693,STAD
TCGA-IN-A7NT-01,15030,STAD
TCGA-VQ-A91Q-01,31835,STAD
TCGA-VQ-AA6D-01,18856,STAD
TCGA-HF-A5NB-01,6020,STAD
TCGA-BR-A44U-01,4493,STAD
TCGA-D7-A6EY-01,4223,STAD
TCGA-VQ-A8DU-01,13596,STAD
TCGA-IN-A6RR-01,15926,STAD
TCGA-MX-A666-01,14861,STAD
TCGA-VQ-A922-01,14797,STAD
TCGA-ZA-A8F6-01,6628,STAD
TCGA-R5-A7O7-01,2946,STAD
TCGA-VQ-A8PM-01,5524,STAD
TCGA-FP-A4BF-01,10842,STAD
TCGA-VQ-A91E-01,12509,STAD
TCGA-RD-A8N1-01,38667,STAD
TCGA-FP-A9TM-01,27897,STAD
TCGA-VQ-A8PF-01,6337,STAD
TCGA-D7-A74A-01,1969,STAD
TCGA-D7-A6EV-01,12651,STAD
TCGA-B7-A5TK-01,1547,STAD
TCGA-R5-A805-01,2169,STAD
TCGA-VQ-A91Z-01,12440,STAD
TCGA-VQ-AA6F-01,4620,STAD
TCGA-3M-AB47-01,3224,STAD
TCGA-VQ-A91X-01,9374,STAD
TCGA-VQ-A8PJ-01,9355,STAD
TCGA-RD-A8MW-01,4486,STAD
TCGA-VQ-AA6I-01,7886,STAD
TCGA-RD-A8N0-01,8444,STAD
TCGA-VQ-A8PX-01,13030,STAD
TCGA-RD-A8N9-01,4890,STAD
TCGA-VQ-AA6K-01,17865,STAD
TCGA-RD-A7C1-01,995,STAD
TCGA-IN-A6RN-01,10602,STAD
TCGA-MX-A663-01,7871,STAD
TCGA-VQ-A8PQ-01,28637,STAD
TCGA-D7-A6F0-01,14347,STAD
TCGA-VQ-A928-01,29243,STAD
TCGA-RD-A8MV-01,9130,STAD
TCGA-KB-A6F7-01,7634,STAD
TCGA-VQ-A8PK-01,8720,STAD
TCGA-IN-A6RI-01,2597,STAD
TCGA-VQ-A91U-01,16071,STAD
TCGA-MX-A5UG-01,11820,STAD
TCGA-VQ-A8PO-01,8821,STAD
TCGA-B7-A5TJ-01,7882,STAD
TCGA-FP-A8CX-01,11570,STAD
TCGA-IN-A7NU-01,7253,STAD
TCGA-VQ-A91W-01,5140,STAD
TCGA-D7-A6EX-01,8445,STAD
TCGA-IN-AB1X-01,13347,STAD
TCGA-VQ-A925-01,16900,STAD
TCGA-RD-A8N6-01,16444,STAD
TCGA-VQ-AA6A-01,9641,STAD
TCGA-VQ-AA6B-01,16944,STAD
TCGA-VQ-A8PH-01,22060,STAD
TCGA-VQ-A8E0-01,6337,STAD
TCGA-VQ-A91A-01,11598,STAD
TCGA-VQ-A92D-01,11219,STAD
TCGA-HU-8249-01,6794,STAD
TCGA-VQ-A8DV-01,5188,STAD
TCGA-VQ-A94R-01,18223,STAD
TCGA-VQ-A91N-01,8256,STAD
TCGA-VQ-A8E7-01,13190,STAD
TCGA-SW-A7EA-01,4247,STAD
TCGA-VQ-A8E2-01,19875,STAD
TCGA-VQ-A8DZ-01,9653,STAD
TCGA-VQ-A8P5-01,4305,STAD
TCGA-RD-A8N5-01,7220,STAD
TCGA-VQ-A8PU-01,7996,STAD
TCGA-R5-A7ZF-01,1711,STAD
TCGA-MX-A5UJ-01,7920,STAD
TCGA-VQ-A94P-01,2231,STAD
TCGA-HU-A4GQ-01,2821,STAD
TCGA-D7-A6EZ-01,3771,STAD
TCGA-IN-A6RL-01,7835,STAD
TCGA-VQ-A94T-01,9208,STAD
TCGA-D7-A6F2-01,14428,STAD
TCGA-VQ-A923-01,39561,STAD
TCGA-VQ-A8P2-01,5067,STAD
TCGA-VQ-A8PC-01,7711,STAD
TCGA-VQ-A8P3-01,6848,STAD
TCGA-RD-A8N2-01,3313,STAD
TCGA-R5-A7ZE-01,1176,STAD
TCGA-HU-A4GD-01,4336,STAD
TCGA-VQ-A94U-01,33335,STAD
TCGA-VQ-AA6J-01,9364,STAD
TCGA-VQ-AA6G-01,8368,STAD
TCGA-IN-A7NR-01,2470,STAD
TCGA-B7-A5TI-01,4575,STAD
TCGA-VQ-A8PB-01,4430,STAD
TCGA-D7-A748-01,865,STAD
TCGA-3M-AB46-01,6511,STAD
TCGA-VQ-AA69-01,7206,STAD
TCGA-KB-A93H-01,16363,STAD
TCGA-KB-A93G-01,18598,STAD
TCGA-B7-5816-01,1291,STAD
TCGA-B7-5818-01,1381,STAD
TCGA-BR-4187-01,628,STAD
TCGA-BR-4191-01,3384,STAD
TCGA-BR-4201-01,6696,STAD
TCGA-BR-4253-01,3678,STAD
TCGA-BR-4255-01,580,STAD
TCGA-BR-4256-01,1655,STAD
TCGA-BR-4257-01,1242,STAD
TCGA-BR-4267-01,2693,STAD
TCGA-BR-4279-01,356,STAD
TCGA-BR-4280-01,8373,STAD
TCGA-BR-4292-01,4854,STAD
TCGA-BR-4294-01,736,STAD
TCGA-BR-4357-01,14775,STAD
TCGA-BR-4361-01,13770,STAD
TCGA-BR-4362-01,6822,STAD
TCGA-BR-4363-01,9799,STAD
TCGA-BR-4366-01,4076,STAD
TCGA-BR-4367-01,555,STAD
TCGA-BR-4368-01,11763,STAD
TCGA-BR-4369-01,14855,STAD
TCGA-BR-4370-01,10583,STAD
TCGA-BR-4371-01,3057,STAD
TCGA-BR-6452-01,2388,STAD
TCGA-BR-6454-01,1579,STAD
TCGA-BR-6455-01,1521,STAD
TCGA-BR-6456-01,2240,STAD
TCGA-BR-6457-01,469,STAD
TCGA-BR-6458-01,8216,STAD
TCGA-BR-6563-01,1116,STAD
TCGA-BR-6564-01,1376,STAD
TCGA-BR-6565-01,6931,STAD
TCGA-BR-6566-01,1257,STAD
TCGA-BR-6705-01,2942,STAD
TCGA-BR-6706-01,6478,STAD
TCGA-BR-6707-01,4919,STAD
TCGA-BR-6709-01,1983,STAD
TCGA-BR-6710-01,1253,STAD
TCGA-BR-6801-01,1263,STAD
TCGA-BR-6802-01,2142,STAD
TCGA-BR-6803-01,1346,STAD
TCGA-BR-6852-01,4706,STAD
TCGA-BR-7196-01,4878,STAD
TCGA-BR-7197-01,5201,STAD
TCGA-BR-7703-01,5725,STAD
TCGA-BR-7704-01,13357,STAD
TCGA-BR-7707-01,2055,STAD
TCGA-BR-7715-01,2370,STAD
TCGA-BR-7716-01,1928,STAD
TCGA-BR-7717-01,981,STAD
TCGA-BR-7722-01,15882,STAD
TCGA-BR-7723-01,4379,STAD
TCGA-BR-7851-01,5002,STAD
TCGA-BR-7901-01,2447,STAD
TCGA-BR-7957-01,1154,STAD
TCGA-BR-7958-01,1466,STAD
TCGA-BR-7959-01,2960,STAD
TCGA-BR-8058-01,1564,STAD
TCGA-BR-8059-01,1182,STAD
TCGA-BR-8060-01,4988,STAD
TCGA-BR-8077-01,6068,STAD
TCGA-BR-8078-01,2338,STAD
TCGA-BR-8080-01,3217,STAD
TCGA-BR-8081-01,3993,STAD
TCGA-BR-8284-01,2290,STAD
TCGA-BR-8286-01,3994,STAD
TCGA-BR-8289-01,4395,STAD
TCGA-BR-8291-01,5107,STAD
TCGA-BR-8295-01,2522,STAD
TCGA-BR-8296-01,4426,STAD
TCGA-BR-8297-01,2154,STAD
TCGA-BR-8361-01,5557,STAD
TCGA-BR-8362-01,2754,STAD
TCGA-BR-8363-01,3350,STAD
TCGA-BR-8364-01,2879,STAD
TCGA-BR-8365-01,3531,STAD
TCGA-BR-8366-01,1983,STAD
TCGA-BR-8367-01,5164,STAD
TCGA-BR-8368-01,1024,STAD
TCGA-BR-8369-01,6753,STAD
TCGA-BR-8371-01,4310,STAD
TCGA-BR-8372-01,1679,STAD
TCGA-BR-8373-01,8430,STAD
TCGA-BR-8380-01,2804,STAD
TCGA-BR-8381-01,3026,STAD
TCGA-BR-8382-01,2152,STAD
TCGA-BR-8384-01,4609,STAD
TCGA-BR-8483-01,13319,STAD
TCGA-BR-8484-01,13243,STAD
TCGA-BR-8485-01,4754,STAD
TCGA-BR-8486-01,12709,STAD
TCGA-BR-8487-01,5763,STAD
TCGA-BR-8588-01,2725,STAD
TCGA-BR-8589-01,2023,STAD
TCGA-BR-8590-01,5184,STAD
TCGA-BR-8591-01,4260,STAD
TCGA-BR-8592-01,6691,STAD
TCGA-BR-8676-01,6469,STAD
TCGA-BR-8677-01,8445,STAD
TCGA-BR-8678-01,14804,STAD
TCGA-BR-8679-01,9457,STAD
TCGA-BR-8680-01,11978,STAD
TCGA-BR-8682-01,12817,STAD
TCGA-BR-8683-01,11171,STAD
TCGA-BR-8686-01,15941,STAD
TCGA-BR-8687-01,1987,STAD
TCGA-BR-8690-01,5959,STAD
TCGA-BR-A44T-01,17499,STAD
TCGA-BR-A452-01,4016,STAD
TCGA-BR-A453-01,1763,STAD
TCGA-BR-A4CR-01,7684,STAD
TCGA-BR-A4CS-01,14814,STAD
TCGA-BR-A4IU-01,1802,STAD
TCGA-BR-A4IV-01,2656,STAD
TCGA-BR-A4IY-01,3049,STAD
TCGA-BR-A4IZ-01,1912,STAD
TCGA-BR-A4J1-01,16647,STAD
TCGA-BR-A4J2-01,10051,STAD
TCGA-BR-A4J4-01,3909,STAD
TCGA-BR-A4J5-01,3490,STAD
TCGA-BR-A4J6-01,2432,STAD
TCGA-BR-A4J7-01,12035,STAD
TCGA-BR-A4J8-01,6409,STAD
TCGA-BR-A4J9-01,2170,STAD
TCGA-BR-A4PD-01,7746,STAD
TCGA-BR-A4PE-01,1974,STAD
TCGA-BR-A4PF-01,4243,STAD
TCGA-BR-A4QI-01,6250,STAD
TCGA-BR-A4QL-01,6439,STAD
TCGA-BR-A4QM-01,3204,STAD
TCGA-CD-5798-01,847,STAD
TCGA-CD-5799-01,1410,STAD
TCGA-CD-5800-01,3541,STAD
TCGA-CD-5801-01,2422,STAD
TCGA-CD-5803-01,1163,STAD
TCGA-CD-5804-01,1616,STAD
TCGA-CD-5813-01,1118,STAD
TCGA-CD-8524-01,8254,STAD
TCGA-CD-8525-01,7232,STAD
TCGA-CD-8526-01,7345,STAD
TCGA-CD-8527-01,3870,STAD
TCGA-CD-8528-01,1372,STAD
TCGA-CD-8529-01,6527,STAD
TCGA-CD-8530-01,4892,STAD
TCGA-CD-8531-01,1795,STAD
TCGA-CD-8532-01,2566,STAD
TCGA-CD-8533-01,9696,STAD
TCGA-CD-8534-01,5625,STAD
TCGA-CD-8535-01,2854,STAD
TCGA-CD-8536-01,1143,STAD
TCGA-CD-A486-01,26332,STAD
TCGA-CD-A487-01,3732,STAD
TCGA-CD-A489-01,5153,STAD
TCGA-CD-A48C-01,3441,STAD
TCGA-CD-A4MG-01,4396,STAD
TCGA-CD-A4MH-01,20336,STAD
TCGA-CD-A4MI-01,6590,STAD
TCGA-CD-A4MJ-01,4130,STAD
TCGA-CG-4301-01,7090,STAD
TCGA-CG-4304-01,18947,STAD
TCGA-CG-4305-01,17426,STAD
TCGA-CG-4306-01,6184,STAD
TCGA-CG-4436-01,2214,STAD
TCGA-CG-4437-01,3388,STAD
TCGA-CG-4438-01,7840,STAD
TCGA-CG-4440-01,10186,STAD
TCGA-CG-4441-01,6015,STAD
TCGA-CG-4442-01,8415,STAD
TCGA-CG-4443-01,10295,STAD
TCGA-CG-4444-01,5913,STAD
TCGA-CG-4449-01,5569,STAD
TCGA-CG-4460-01,11606,STAD
TCGA-CG-4462-01,4696,STAD
TCGA-CG-4465-01,2060,STAD
TCGA-CG-4466-01,5371,STAD
TCGA-CG-4469-01,12984,STAD
TCGA-CG-4472-01,2777,STAD
TCGA-CG-4474-01,8174,STAD
TCGA-CG-4475-01,9632,STAD
TCGA-CG-4476-01,5288,STAD
TCGA-CG-4477-01,3276,STAD
TCGA-CG-5716-01,1150,STAD
TCGA-CG-5717-01,1877,STAD
TCGA-CG-5718-01,11439,STAD
TCGA-CG-5719-01,1580,STAD
TCGA-CG-5720-01,1152,STAD
TCGA-CG-5721-01,2404,STAD
TCGA-CG-5722-01,1237,STAD
TCGA-CG-5723-01,1701,STAD
TCGA-CG-5724-01,2483,STAD
TCGA-CG-5725-01,2703,STAD
TCGA-CG-5726-01,1431,STAD
TCGA-CG-5732-01,1817,STAD
TCGA-CG-5734-01,519,STAD
TCGA-D7-5577-01,1447,STAD
TCGA-D7-5578-01,1884,STAD
TCGA-D7-6518-01,472,STAD
TCGA-D7-6519-01,5268,STAD
TCGA-D7-6520-01,1012,STAD
TCGA-D7-6521-01,988,STAD
TCGA-D7-6522-01,1234,STAD
TCGA-D7-6524-01,1852,STAD
TCGA-D7-6525-01,3736,STAD
TCGA-D7-6526-01,8894,STAD
TCGA-D7-6527-01,902,STAD
TCGA-D7-6528-01,3558,STAD
TCGA-D7-6815-01,2295,STAD
TCGA-D7-6817-01,4607,STAD
TCGA-D7-6818-01,1853,STAD
TCGA-D7-6820-01,1694,STAD
TCGA-D7-6822-01,5695,STAD
TCGA-D7-8570-01,3555,STAD
TCGA-D7-8572-01,4399,STAD
TCGA-D7-8573-01,1618,STAD
TCGA-D7-8574-01,19145,STAD
TCGA-D7-8575-01,14810,STAD
TCGA-D7-8576-01,3072,STAD
TCGA-D7-8578-01,2545,STAD
TCGA-D7-8579-01,2833,STAD
TCGA-D7-A4YT-01,14173,STAD
TCGA-D7-A4YU-01,7720,STAD
TCGA-D7-A4YV-01,10073,STAD
TCGA-D7-A4YX-01,3412,STAD
TCGA-D7-A4YY-01,6986,STAD
TCGA-D7-A4Z0-01,3870,STAD
TCGA-EQ-8122-01,5466,STAD
TCGA-EQ-A4SO-01,6214,STAD
TCGA-F1-6177-01,10228,STAD
TCGA-F1-6874-01,8514,STAD
TCGA-F1-6875-01,13775,STAD
TCGA-F1-A448-01,2949,STAD
TCGA-FP-7735-01,2164,STAD
TCGA-FP-7829-01,1586,STAD
TCGA-FP-7916-01,3778,STAD
TCGA-FP-7998-01,3636,STAD
TCGA-FP-8099-01,13251,STAD
TCGA-FP-8209-01,6827,STAD
TCGA-FP-8210-01,6489,STAD
TCGA-FP-8211-01,4017,STAD
TCGA-FP-8631-01,25204,STAD
TCGA-FP-A4BE-01,3766,STAD
TCGA-HF-7131-01,2761,STAD
TCGA-HF-7132-01,2879,STAD
TCGA-HF-7133-01,2458,STAD
TCGA-HF-7134-01,3873,STAD
TCGA-HF-7136-01,2916,STAD
TCGA-HJ-7597-01,7818,STAD
TCGA-HU-8238-01,1105,STAD
TCGA-HU-8243-01,2669,STAD
TCGA-HU-8244-01,2254,STAD
TCGA-HU-8602-01,2377,STAD
TCGA-HU-8604-01,4915,STAD
TCGA-HU-8608-01,6579,STAD
TCGA-HU-8610-01,11907,STAD
TCGA-HU-A4G2-01,3126,STAD
TCGA-HU-A4G3-01,8263,STAD
TCGA-HU-A4G6-01,3081,STAD
TCGA-HU-A4G8-01,21899,STAD
TCGA-HU-A4G9-01,5744,STAD
TCGA-HU-A4GC-01,3206,STAD
TCGA-HU-A4GF-01,8072,STAD
TCGA-HU-A4GH-01,9094,STAD
TCGA-HU-A4GJ-01,15698,STAD
TCGA-HU-A4GN-01,8331,STAD
TCGA-HU-A4GP-01,4025,STAD
TCGA-HU-A4GT-01,2765,STAD
TCGA-HU-A4GU-01,13031,STAD
TCGA-HU-A4GX-01,2833,STAD
TCGA-HU-A4GY-01,20089,STAD
TCGA-HU-A4H0-01,6623,STAD
TCGA-HU-A4H2-01,12244,STAD
TCGA-HU-A4H3-01,16054,STAD
TCGA-HU-A4H4-01,9315,STAD
TCGA-HU-A4H5-01,6377,STAD
TCGA-HU-A4H6-01,5498,STAD
TCGA-HU-A4H8-01,9611,STAD
TCGA-HU-A4HB-01,11132,STAD
TCGA-HU-A4HD-01,8081,STAD
TCGA-IN-7806-01,22145,STAD
TCGA-IN-7808-01,32935,STAD
TCGA-IN-8462-01,5793,STAD
TCGA-IN-8663-01,11611,STAD
TCGA-IP-7968-01,6918,STAD
TCGA-FW-A3I3-06,2207,SKCM
TCGA-FS-A1ZD-06,2778,SKCM
TCGA-EE-A2M6-06,1613,SKCM
TCGA-FS-A4FD-06,5065,SKCM
TCGA-ER-A2ND-06,1916,SKCM
TCGA-EE-A3AD-06,3281,SKCM
TCGA-WE-A8K4-01,3941,SKCM
TCGA-ER-A19J-06,1261,SKCM
TCGA-GN-A4U7-06,1818,SKCM
TCGA-D3-A5GU-06,6034,SKCM
TCGA-W3-AA1V-06,1140,SKCM
TCGA-DA-A1HV-06,1997,SKCM
TCGA-ER-A19T-06,794,SKCM
TCGA-GN-A8LK-06,1697,SKCM
TCGA-D3-A5GL-06,1491,SKCM
TCGA-FS-A4F2-06,2858,SKCM
TCGA-EE-A2GO-06,1254,SKCM
TCGA-FS-A1Z0-06,971,SKCM
TCGA-Z2-AA3S-06,2537,SKCM
TCGA-D3-A8GQ-06,2718,SKCM
TCGA-EB-A1NK-01,1399,SKCM
TCGA-D3-A51E-06,3144,SKCM
TCGA-EB-A6R0-01,4175,SKCM
TCGA-RP-A690-06,2255,SKCM
TCGA-EE-A2GN-06,1717,SKCM
TCGA-WE-AAA0-06,2326,SKCM
TCGA-EE-A29V-06,1557,SKCM
TCGA-D9-A3Z1-06,839,SKCM
TCGA-WE-A8ZX-06,3335,SKCM
TCGA-EB-A5VV-06,5517,SKCM
TCGA-EB-A51B-01,2280,SKCM
TCGA-D3-A1Q3-06,1236,SKCM
TCGA-FR-A44A-06,1808,SKCM
TCGA-EE-A17Z-06,1000,SKCM
TCGA-BF-AAP7-01,1210,SKCM
TCGA-D9-A1X3-06,1581,SKCM
TCGA-D3-A8GP-06,846,SKCM
TCGA-FS-A1ZA-06,2232,SKCM
TCGA-GN-A4U4-06,1553,SKCM
TCGA-EB-A3XB-01,1678,SKCM
TCGA-EE-A2GU-06,1605,SKCM
TCGA-ER-A19Q-06,1130,SKCM
TCGA-GN-A262-06,2223,SKCM
TCGA-FW-A3R5-06,2661,SKCM
TCGA-ER-A19H-06,2224,SKCM
TCGA-FS-A1ZU-06,1631,SKCM
TCGA-FS-A1Z3-06,3412,SKCM
TCGA-D3-A51K-06,1110,SKCM
TCGA-D3-A5GO-06,763,SKCM
TCGA-EE-A3J7-06,997,SKCM
TCGA-EB-A5UL-06,6624,SKCM
TCGA-EE-A2A1-06,793,SKCM
TCGA-EB-A3Y6-01,1975,SKCM
TCGA-D9-A3Z3-06,1397,SKCM
TCGA-WE-A8ZN-06,1178,SKCM
TCGA-D3-A2JB-06,1522,SKCM
TCGA-D3-A1QA-07,1535,SKCM
TCGA-D3-A51T-06,1133,SKCM
TCGA-BF-A1PZ-01,1669,SKCM
TCGA-GN-A268-06,1197,SKCM
TCGA-D3-A1Q8-06,807,SKCM
TCGA-D3-A1QA-06,1411,SKCM
TCGA-D3-A2JL-06,1744,SKCM
TCGA-EB-A5SG-06,835,SKCM
TCGA-DA-A3F8-06,1237,SKCM
TCGA-BF-A5ER-01,1579,SKCM
TCGA-YG-AA3O-06,4430,SKCM
TCGA-FR-A729-06,6477,SKCM
TCGA-EB-A5SH-06,1310,SKCM
TCGA-EE-A29P-06,1367,SKCM
TCGA-FW-A3TV-06,1529,SKCM
TCGA-FR-A3R1-01,1379,SKCM
TCGA-EB-A42Z-01,1201,SKCM
TCGA-EE-A2M8-06,1857,SKCM
TCGA-DA-A1HY-06,1125,SKCM
TCGA-QB-AA9O-06,1638,SKCM
TCGA-XV-AAZV-01,1592,SKCM
TCGA-D3-A51J-06,1898,SKCM
TCGA-ER-A2NF-01,634,SKCM
TCGA-EE-A29E-06,1263,SKCM
TCGA-FS-A1YY-06,1383,SKCM
TCGA-EE-A2MU-06,1198,SKCM
TCGA-W3-A824-06,1414,SKCM
TCGA-W3-A825-06,3516,SKCM
TCGA-EE-A184-06,1916,SKCM
TCGA-DA-A1IB-06,1925,SKCM
TCGA-D3-A8GL-06,4666,SKCM
TCGA-GF-A6C8-06,1723,SKCM
TCGA-WE-A8ZY-06,4063,SKCM
TCGA-FR-A69P-06,1996,SKCM
TCGA-FS-A4F0-06,7188,SKCM
TCGA-GN-A265-06,2134,SKCM
TCGA-BF-A3DL-01,1027,SKCM
TCGA-EE-A3J5-06,1225,SKCM
TCGA-FS-A1ZT-06,3173,SKCM
TCGA-ER-A197-06,1853,SKCM
TCGA-ER-A19K-01,889,SKCM
TCGA-EE-A2GR-06,2420,SKCM
TCGA-ER-A19P-06,3639,SKCM
TCGA-D3-A1QB-06,1182,SKCM
TCGA-ER-A194-01,895,SKCM
TCGA-EE-A29H-06,1246,SKCM
TCGA-FR-A3YN-06,1288,SKCM
TCGA-EE-A2MJ-06,2868,SKCM
TCGA-EB-A5UN-06,2520,SKCM
TCGA-DA-A3F5-06,1953,SKCM
TCGA-DA-A1I4-06,723,SKCM
TCGA-FS-A1ZE-06,2801,SKCM
TCGA-FR-A726-01,3180,SKCM
TCGA-EE-A2GT-06,1538,SKCM
TCGA-D3-A51H-06,7860,SKCM
TCGA-ER-A193-06,2169,SKCM
TCGA-EE-A2GP-06,1935,SKCM
TCGA-BF-AAP4-01,1317,SKCM
TCGA-ER-A19W-06,2283,SKCM
TCGA-D3-A8GE-06,2625,SKCM
TCGA-ER-A19A-06,915,SKCM
TCGA-GN-A4U5-01,1506,SKCM
TCGA-YD-A89C-06,4390,SKCM
TCGA-FS-A1ZY-06,1189,SKCM
TCGA-DA-A95Y-06,1529,SKCM
TCGA-D3-A3CB-06,1167,SKCM
TCGA-EE-A3JD-06,1498,SKCM
TCGA-FW-A5DY-06,3409,SKCM
TCGA-D9-A6EA-06,1489,SKCM
TCGA-GN-A26D-06,1802,SKCM
TCGA-EE-A29W-06,1355,SKCM
TCGA-DA-A960-01,696,SKCM
TCGA-EE-A29R-06,779,SKCM
TCGA-ER-A2NH-06,1069,SKCM
TCGA-EE-A2MN-06,1119,SKCM
TCGA-D3-A2J8-06,1578,SKCM
TCGA-ER-A2NE-06,1359,SKCM
TCGA-WE-A8ZQ-06,4704,SKCM
TCGA-GF-A6C9-06,600,SKCM
TCGA-FW-A3TU-06,1014,SKCM
TCGA-D3-A5GR-06,2089,SKCM
TCGA-BF-AAP1-01,2816,SKCM
TCGA-EE-A29Q-06,767,SKCM
TCGA-GN-A266-06,2810,SKCM
TCGA-EB-A4OY-01,941,SKCM
TCGA-FR-A7U9-06,1479,SKCM
TCGA-EB-A82B-01,575,SKCM
TCGA-ER-A1A1-06,2559,SKCM
TCGA-D3-A8GK-06,1737,SKCM
TCGA-FS-A1ZG-06,1014,SKCM
TCGA-WE-AAA4-06,1382,SKCM
TCGA-EE-A3JE-06,1416,SKCM
TCGA-D3-A2JK-06,237,SKCM
TCGA-BF-A3DJ-01,1395,SKCM
TCGA-FS-A1ZS-06,1440,SKCM
TCGA-ER-A19S-06,1335,SKCM
TCGA-WE-A8K5-06,2969,SKCM
TCGA-W3-AA21-06,1810,SKCM
TCGA-3N-A9WB-06,1632,SKCM
TCGA-BF-A5EO-01,2093,SKCM
TCGA-FS-A1Z7-06,1433,SKCM
TCGA-EE-A29A-06,994,SKCM
TCGA-ER-A19C-06,2083,SKCM
TCGA-EE-A29G-06,924,SKCM
TCGA-D3-A2JF-06,1375,SKCM
TCGA-EE-A2GL-06,2007,SKCM
TCGA-GF-A2C7-01,1854,SKCM
TCGA-EB-A41A-01,2155,SKCM
TCGA-FS-A1ZF-06,4051,SKCM
TCGA-D3-A1Q4-06,1305,SKCM
TCGA-OD-A75X-06,2589,SKCM
TCGA-EE-A29X-06,1396,SKCM
TCGA-GN-A267-06,1243,SKCM
TCGA-D9-A3Z4-01,2889,SKCM
TCGA-D3-A2J7-06,476,SKCM
TCGA-EE-A3AH-06,2353,SKCM
TCGA-EB-A41B-01,1677,SKCM
TCGA-EB-A85J-01,1915,SKCM
TCGA-XV-AAZY-01,1815,SKCM
TCGA-EE-A29D-06,948,SKCM
TCGA-FS-A1YW-06,1903,SKCM
TCGA-EE-A29S-06,1711,SKCM
TCGA-DA-A1HW-06,866,SKCM
TCGA-GN-A4U9-06,4903,SKCM
TCGA-EE-A2GC-06,953,SKCM
TCGA-EE-A183-06,1106,SKCM
TCGA-WE-A8K1-06,2363,SKCM
TCGA-DA-A1IA-06,1443,SKCM
TCGA-BF-A5EQ-01,1601,SKCM
TCGA-EB-A4IQ-01,1528,SKCM
TCGA-EE-A3AF-06,1246,SKCM
TCGA-ER-A19T-01,1616,SKCM
TCGA-ER-A2NG-06,1172,SKCM
TCGA-D3-A3ML-06,1501,SKCM
TCGA-FR-A8YE-06,6629,SKCM
TCGA-ER-A19B-06,2506,SKCM
TCGA-EE-A2ML-06,1103,SKCM
TCGA-EE-A3AE-06,982,SKCM
TCGA-EE-A2GD-06,1158,SKCM
TCGA-ER-A2NF-06,901,SKCM
TCGA-EE-A17Y-06,1288,SKCM
TCGA-YG-AA3P-06,1823,SKCM
TCGA-EE-A2GI-06,1622,SKCM
TCGA-EE-A2A6-06,2394,SKCM
TCGA-ER-A195-06,1762,SKCM
TCGA-EE-A2MK-06,875,SKCM
TCGA-D9-A6EC-06,1483,SKCM
TCGA-ER-A19M-06,1010,SKCM
TCGA-EB-A44R-06,5497,SKCM
TCGA-DA-A1I5-06,1117,SKCM
TCGA-EE-A2GM-06,719,SKCM
TCGA-EE-A2MM-06,1065,SKCM
TCGA-BF-AAOU-01,3394,SKCM
TCGA-FS-A1ZQ-06,1560,SKCM
TCGA-FS-A1YX-06,1007,SKCM
TCGA-D9-A4Z3-01,3579,SKCM
TCGA-BF-AAP6-01,2105,SKCM
TCGA-EE-A2MP-06,1357,SKCM
TCGA-RP-A6K9-06,1437,SKCM
TCGA-D9-A6E9-06,980,SKCM
TCGA-IH-A3EA-01,500,SKCM
TCGA-QB-A6FS-06,835,SKCM
TCGA-D3-A3C6-06,1404,SKCM
TCGA-ER-A2NC-06,1515,SKCM
TCGA-D3-A3C7-06,1449,SKCM
TCGA-ER-A3PL-06,1348,SKCM
TCGA-EB-A5SE-01,1603,SKCM
TCGA-FS-A1ZB-06,692,SKCM
TCGA-D9-A148-06,1282,SKCM
TCGA-D3-A2JN-06,1697,SKCM
TCGA-EE-A3JA-06,773,SKCM
TCGA-EB-A3HV-01,777,SKCM
TCGA-D3-A3CE-06,1527,SKCM
TCGA-FR-A8YD-06,1167,SKCM
TCGA-EE-A29T-06,527,SKCM
TCGA-XV-AAZW-01,2375,SKCM
TCGA-EE-A29N-06,1663,SKCM
TCGA-D3-A5GN-06,1393,SKCM
TCGA-BF-A1PX-01,392,SKCM
TCGA-WE-A8JZ-06,6420,SKCM
TCGA-ER-A19E-06,3538,SKCM
TCGA-GN-A26A-06,842,SKCM
TCGA-D3-A3MR-06,3608,SKCM
TCGA-D3-A8GB-06,3162,SKCM
TCGA-EE-A3AC-06,1793,SKCM
TCGA-BF-A5ES-01,672,SKCM
TCGA-EB-A3XC-01,1091,SKCM
TCGA-FW-A5DX-01,2604,SKCM
TCGA-D3-A51F-06,4654,SKCM
TCGA-DA-A95V-06,1896,SKCM
TCGA-FR-A2OS-01,1567,SKCM
TCGA-DA-A95Z-06,2062,SKCM
TCGA-EE-A2A5-06,2224,SKCM
TCGA-DA-A95W-06,2670,SKCM
TCGA-D3-A8GN-06,1351,SKCM
TCGA-EB-A5UM-01,6818,SKCM
TCGA-Z2-A8RT-06,2493,SKCM
TCGA-EB-A5FP-01,2540,SKCM
TCGA-D3-A1Q9-06,2026,SKCM
TCGA-FS-A4F5-06,2831,SKCM
TCGA-ER-A42K-06,2441,SKCM
TCGA-DA-A95X-06,3258,SKCM
TCGA-D9-A4Z6-06,3855,SKCM
TCGA-ER-A3EV-06,489,SKCM
TCGA-D3-A2JC-06,573,SKCM
TCGA-EE-A2MG-06,1719,SKCM
TCGA-D3-A2JO-06,1225,SKCM
TCGA-D3-A3MO-06,1612,SKCM
TCGA-ER-A196-01,1039,SKCM
TCGA-DA-A1I7-06,650,SKCM
TCGA-EE-A2M5-06,1072,SKCM
TCGA-GN-A8LN-01,3956,SKCM
TCGA-GN-A4U3-06,5008,SKCM
TCGA-DA-A1IC-06,1396,SKCM
TCGA-ER-A199-06,1256,SKCM
TCGA-EE-A3JI-06,2799,SKCM
TCGA-D3-A8GO-06,2464,SKCM
TCGA-D9-A1JW-06,1576,SKCM
TCGA-W3-AA1R-06,3023,SKCM
TCGA-EB-A24D-01,2706,SKCM
TCGA-EB-A551-01,3180,SKCM
TCGA-FR-A7U8-06,904,SKCM
TCGA-FS-A1ZC-06,1915,SKCM
TCGA-Z2-AA3V-06,1038,SKCM
TCGA-D3-A2JE-06,1352,SKCM
TCGA-ER-A198-06,1647,SKCM
TCGA-ER-A42H-01,9884,SKCM
TCGA-WE-A8ZO-06,2779,SKCM
TCGA-DA-A1I0-06,914,SKCM
TCGA-D3-A3C1-06,1063,SKCM
TCGA-EB-A299-01,1791,SKCM
TCGA-W3-AA1Q-06,1492,SKCM
TCGA-EB-A4XL-01,2597,SKCM
TCGA-FR-A3YO-06,975,SKCM
TCGA-EE-A2MF-06,1507,SKCM
TCGA-D3-A1Q5-06,2789,SKCM
TCGA-LH-A9QB-06,2598,SKCM
TCGA-FS-A4FB-06,4254,SKCM
TCGA-D3-A2JD-06,1668,SKCM
TCGA-D9-A149-06,1976,SKCM
TCGA-EE-A3AG-06,2877,SKCM
TCGA-D9-A4Z2-01,5796,SKCM
TCGA-BF-AAP0-06,2028,SKCM
TCGA-D3-A2J9-06,1776,SKCM
TCGA-EB-A4P0-01,2583,SKCM
TCGA-YD-A9TA-06,4631,SKCM
TCGA-D9-A6EG-06,1660,SKCM
TCGA-RP-A694-06,2109,SKCM
TCGA-EB-A44O-01,1897,SKCM
TCGA-D3-A8GV-06,1544,SKCM
TCGA-D3-A3MV-06,3677,SKCM
TCGA-BF-A3DM-01,1326,SKCM
TCGA-D3-A8GS-06,3578,SKCM
TCGA-EE-A3J8-06,820,SKCM
TCGA-D3-A1Q6-06,1006,SKCM
TCGA-RP-A693-06,3433,SKCM
TCGA-ER-A19D-06,2485,SKCM
TCGA-EE-A2GS-06,941,SKCM
TCGA-W3-AA1W-06,1988,SKCM
TCGA-D3-A51G-06,7767,SKCM
TCGA-W3-AA1O-06,4553,SKCM
TCGA-EB-A24C-01,1097,SKCM
TCGA-EE-A2A2-06,2082,SKCM
TCGA-ER-A3ES-06,1394,SKCM
TCGA-D3-A3CF-06,2013,SKCM
TCGA-FS-A1ZW-06,1072,SKCM
TCGA-HR-A2OG-06,1525,SKCM
TCGA-D3-A3CC-06,1207,SKCM
TCGA-HR-A5NC-01,2531,SKCM
TCGA-EE-A20I-06,618,SKCM
TCGA-EB-A553-01,3139,SKCM
TCGA-FS-A1ZK-06,2662,SKCM
TCGA-EB-A431-01,1527,SKCM
TCGA-EB-A550-01,1403,SKCM
TCGA-FS-A4F4-06,1300,SKCM
TCGA-D3-A8GI-06,938,SKCM
TCGA-W3-A828-06,996,SKCM
TCGA-EB-A3XD-01,483,SKCM
TCGA-D3-A8GM-06,2044,SKCM
TCGA-FR-A7UA-06,3177,SKCM
TCGA-EE-A2MQ-06,1405,SKCM
TCGA-FS-A4F9-06,2605,SKCM
TCGA-D3-A2JG-06,1430,SKCM
TCGA-DA-A3F3-06,1437,SKCM
TCGA-EE-A3JB-06,1348,SKCM
TCGA-DA-A1I8-06,1453,SKCM
TCGA-BF-A1PV-01,1722,SKCM
TCGA-EB-A85I-01,1296,SKCM
TCGA-EB-A44P-01,3700,SKCM
TCGA-XV-AB01-06,901,SKCM
TCGA-FS-A4F8-06,2298,SKCM
TCGA-GN-A263-01,667,SKCM
TCGA-D3-A8GJ-06,2722,SKCM
TCGA-EE-A3AB-06,1743,SKCM
TCGA-3N-A9WD-06,995,SKCM
TCGA-3N-A9WC-06,1761,SKCM
TCGA-FR-A8YC-06,3049,SKCM
TCGA-FS-A1Z4-06,1358,SKCM
TCGA-D3-A3MU-06,811,SKCM
TCGA-DA-A1I1-06,1333,SKCM
TCGA-EE-A2MI-06,1252,SKCM
TCGA-D9-A4Z5-01,1632,SKCM
TCGA-EE-A2GK-06,2623,SKCM
TCGA-GN-A264-06,1666,SKCM
TCGA-EB-A3XE-01,1174,SKCM
TCGA-FS-A1ZH-06,1929,SKCM
TCGA-BF-AAP2-01,1587,SKCM
TCGA-D3-A2JP-06,1050,SKCM
TCGA-YG-AA3N-01,1974,SKCM
TCGA-YD-A9TB-06,1303,SKCM
TCGA-EB-A430-01,1021,SKCM
TCGA-FS-A4FC-06,3902,SKCM
TCGA-D3-A51N-06,3123,SKCM
TCGA-EB-A57M-01,823,SKCM
TCGA-EB-A44Q-06,2830,SKCM
TCGA-EE-A185-06,1582,SKCM
TCGA-WE-A8ZM-06,9261,SKCM
TCGA-EE-A3JH-06,1216,SKCM
TCGA-EE-A2MS-06,4006,SKCM
TCGA-DA-A1I2-06,1983,SKCM
TCGA-D3-A2JH-06,1481,SKCM
TCGA-ER-A42L-06,1611,SKCM
TCGA-EE-A180-06,1003,SKCM
TCGA-EE-A2A0-06,502,SKCM
TCGA-FR-A728-01,2164,SKCM
TCGA-EB-A6QZ-01,1957,SKCM
TCGA-EE-A2MH-06,2045,SKCM
TCGA-EE-A29M-06,1948,SKCM
TCGA-EB-A5VU-01,2665,SKCM
TCGA-FS-A1ZN-01,2714,SKCM
TCGA-D3-A8GC-06,1836,SKCM
TCGA-HR-A2OH-06,1211,SKCM
TCGA-ER-A19L-06,788,SKCM
TCGA-BF-A1PU-01,1296,SKCM
TCGA-EB-A5KH-06,1254,SKCM
TCGA-EE-A29C-06,1685,SKCM
TCGA-D3-A51R-06,6599,SKCM
TCGA-BF-A5EP-01,1290,SKCM
TCGA-EE-A2M7-06,1650,SKCM
TCGA-XV-A9VZ-01,2603,SKCM
TCGA-EE-A17X-06,1279,SKCM
TCGA-FS-A1ZJ-06,1861,SKCM
TCGA-EE-A29B-06,705,SKCM
TCGA-BF-A9VF-01,3143,SKCM
TCGA-EE-A20F-06,1191,SKCM
TCGA-EE-A182-06,749,SKCM
TCGA-EE-A2GB-06,2178,SKCM
TCGA-ER-A2NB-01,771,SKCM
TCGA-EE-A2MC-06,1305,SKCM
TCGA-WE-A8ZT-06,4378,SKCM
TCGA-WE-AA9Y-06,1229,SKCM
TCGA-D3-A3C8-06,2283,SKCM
TCGA-EB-A6QY-01,2560,SKCM
TCGA-D3-A3C3-06,2697,SKCM
TCGA-EE-A20B-06,1443,SKCM
TCGA-BF-A3DN-01,1311,SKCM
TCGA-WE-A8ZR-06,3888,SKCM
TCGA-EB-A97M-01,1547,SKCM
TCGA-GF-A3OT-06,1218,SKCM
TCGA-BF-AAP8-01,3159,SKCM
TCGA-EB-A42Y-01,1075,SKCM
TCGA-FS-A1ZR-06,2203,SKCM
TCGA-ER-A19F-06,1031,SKCM
TCGA-EE-A20H-06,2726,SKCM
TCGA-EB-A82C-01,1327,SKCM
TCGA-GN-A9SD-06,1038,SKCM
TCGA-WE-A8K6-06,2889,SKCM
TCGA-GN-A4U8-06,1560,SKCM
TCGA-BF-AAOX-01,2165,SKCM
TCGA-EB-A3Y7-01,1434,SKCM
TCGA-GF-A769-01,1947,SKCM
TCGA-EE-A2GJ-06,1730,SKCM
TCGA-FS-A1ZZ-06,1587,SKCM
TCGA-D3-A5GT-01,1902,SKCM
TCGA-ER-A19G-06,1791,SKCM
TCGA-EE-A3AA-06,1059,SKCM
TCGA-DA-A3F2-06,470,SKCM
TCGA-EE-A2ME-06,1976,SKCM
TCGA-EB-A44N-01,1672,SKCM
TCGA-EE-A3J3-06,965,SKCM
TCGA-EE-A2MT-06,1664,SKCM
TCGA-D3-A3BZ-06,1032,SKCM
TCGA-GN-A8LL-06,1458,SKCM
TCGA-GN-A26C-01,1190,SKCM
TCGA-ER-A19O-06,930,SKCM
TCGA-FS-A1ZP-06,513,SKCM
TCGA-BF-A1Q0-01,1574,SKCM
TCGA-EE-A2MD-06,1798,SKCM
TCGA-D3-A8GD-06,4819,SKCM
TCGA-D9-A1JX-06,1470,SKCM
TCGA-D3-A1Q1-06,1580,SKCM
TCGA-EB-A4IS-01,2422,SKCM
TCGA-D3-A2J6-06,1054,SKCM
TCGA-EE-A181-06,2651,SKCM
TCGA-EE-A2GE-06,1110,SKCM
TCGA-FS-A1ZM-06,3135,SKCM
TCGA-D3-A5GS-06,1174,SKCM
TCGA-EB-A3XF-01,1108,SKCM
TCGA-GF-A4EO-06,3329,SKCM
TCGA-EB-A6L9-06,1044,SKCM
TCGA-EE-A29L-06,1888,SKCM
TCGA-D3-A2JA-06,2011,SKCM
TCGA-XV-A9W2-01,1176,SKCM
TCGA-RP-A695-06,903,SKCM
TCGA-ER-A19N-06,705,SKCM
TCGA-D3-A1Q7-06,1538,SKCM
TCGA-ER-A3ET-06,1050,SKCM
TCGA-EB-A5SF-01,748,SKCM
TCGA-EE-A20C-06,1170,SKCM
TCGA-XV-A9W5-01,2151,SKCM
TCGA-EB-A4OZ-01,1045,SKCM
TCGA-WE-AAA3-06,1291,SKCM
TCGA-EE-A2MR-06,2686,SKCM
TCGA-EE-A3J4-06,1253,SKCM
TCGA-EE-A2GH-06,1839,SKCM
TCGA-D3-A8GR-06,1575,SKCM
TCGA-GN-A4U8-11,1163,SKCM
